"Date","Price","Open","High","Low","Vol.","Change %"
"02/22/2024","158.50","159.75","159.75","158.25","140.30K","-0.78%"
"02/21/2024","159.75","160.00","161.50","158.25","388.60K","-0.16%"
"02/20/2024","160.00","162.25","162.25","160.00","89.36K","-1.39%"
"02/19/2024","162.25","164.75","164.75","160.00","10.19K","-0.46%"
"02/16/2024","163.00","165.00","165.00","163.00","324.72K","0.46%"
"02/15/2024","162.25","164.00","164.00","162.00","127.11K","-0.46%"
"02/14/2024","163.00","162.25","164.00","162.00","11.53K","0.62%"
"02/13/2024","162.00","164.00","164.00","162.00","21.71K","-0.61%"
"02/12/2024","163.00","161.50","165.00","161.50","57.78K","1.56%"
"02/09/2024","160.50","161.00","165.00","160.00","245.57K","-0.62%"
"02/08/2024","161.50","160.00","165.00","160.00","103.01K","0.94%"
"02/07/2024","160.00","167.00","167.00","160.00","59.54K","-0.62%"
"02/06/2024","161.00","159.00","167.00","159.00","166.31K","1.26%"
"02/02/2024","159.00","160.00","160.00","157.00","57.11K","0.63%"
"02/01/2024","158.00","159.00","160.00","155.00","205.66K","1.61%"
"01/31/2024","155.50","154.00","155.50","154.00","608.12K","0.32%"
"01/30/2024","155.00","155.00","155.00","153.00","336.65K","0.00%"
"01/29/2024","155.00","157.25","157.50","155.00","102.45K","-1.59%"
"01/26/2024","157.50","158.75","158.75","157.50","4.14K","-0.32%"
"01/24/2024","158.00","159.00","159.00","158.00","9.91K","-0.63%"
"01/23/2024","159.00","159.00","159.00","157.00","5.48K","0.00%"
"01/22/2024","159.00","162.00","162.00","159.00","2.79K","0.00%"
"01/19/2024","159.00","160.25","164.00","159.00","13.36K","-0.63%"
"01/18/2024","160.00","161.25","162.00","159.50","51.23K","-0.62%"
"01/17/2024","161.00","163.75","163.75","161.00","18.11K","-1.68%"
"01/16/2024","163.75","164.00","164.00","163.00","52.71K","-0.15%"
"01/12/2024","164.00","165.00","165.00","164.00","9.63K","-0.61%"
"01/11/2024","165.00","165.00","166.00","164.00","3.52K","-0.90%"
"01/10/2024","166.50","166.50","167.75","165.00","114.68K","-0.60%"
"01/09/2024","167.50","168.00","168.00","167.00","3.52K","0.75%"
"01/08/2024","166.25","166.50","169.75","166.00","8.91K","-0.45%"
"01/05/2024","167.00","170.00","170.00","167.00","47.19K","-1.18%"
"01/04/2024","169.00","172.00","172.00","168.50","4.69K","-1.17%"
"01/03/2024","171.00","170.00","172.00","170.00","98.45K","0.59%"
"01/02/2024","170.00","166.00","171.00","166.00","131.04K","0.00%"
"12/29/2023","170.00","164.50","170.00","164.50","69.03K","2.10%"
"12/28/2023","166.50","167.00","167.00","166.50","2.03K","0.91%"
"12/27/2023","165.00","165.25","165.25","164.00","7.09K","0.00%"
"12/22/2023","165.00","166.00","168.00","164.00","259.08K","-1.20%"
"12/21/2023","167.00","165.00","168.00","165.00","134.72K","1.21%"
"12/20/2023","165.00","164.00","165.00","163.25","48.94K","1.07%"
"12/19/2023","163.25","165.50","165.50","163.25","49.70K","-0.91%"
"12/18/2023","164.75","167.00","167.00","164.75","67.70K","-1.35%"
"12/15/2023","167.00","167.75","168.25","166.00","18.40K","-0.60%"
"12/14/2023","168.00","168.50","169.00","165.25","13.81K","-0.30%"
"12/13/2023","168.50","169.00","169.00","167.25","14.26K","0.00%"
"12/12/2023","168.50","169.00","169.75","168.25","47.49K","0.00%"
"12/11/2023","168.50","168.50","170.00","168.25","145.79K","-0.15%"
"12/08/2023","168.75","168.50","170.00","168.50","99.74K","0.15%"
"12/07/2023","168.50","170.00","170.00","168.50","4.86K","-0.88%"
"12/06/2023","170.00","169.25","170.00","169.00","23.72K","0.00%"
"12/05/2023","170.00","170.00","170.00","169.00","11.39K","0.00%"
"12/04/2023","170.00","170.00","172.00","169.00","161.59K","0.00%"
"12/01/2023","170.00","169.75","170.00","169.00","197.23K","1.80%"
"11/30/2023","167.00","165.00","167.00","163.50","290.54K","1.21%"
"11/29/2023","165.00","164.00","165.75","163.25","20.13K","0.76%"
"11/28/2023","163.75","165.00","165.00","163.75","17.91K","-0.76%"
"11/27/2023","165.00","166.00","167.00","164.00","167.92K","-0.75%"
"11/24/2023","166.25","170.00","170.00","166.25","7.75K","-0.75%"
"11/23/2023","167.50","168.75","168.75","167.50","0.21K","0.30%"
"11/22/2023","167.00","169.00","169.00","167.00","4.57K","-0.30%"
"11/21/2023","167.50","167.75","170.00","167.50","67.88K","-0.30%"
"11/20/2023","168.00","168.00","168.00","167.00","3.77K","0.15%"
"11/17/2023","167.75","169.00","169.00","167.25","1.36K","-0.15%"
"11/16/2023","168.00","169.75","169.75","168.00","53.40K","-1.18%"
"11/15/2023","170.00","171.00","171.00","169.00","74.99K","0.00%"
"11/14/2023","170.00","170.00","175.00","169.00","152.78K","-2.86%"
"11/13/2023","175.00","174.75","175.00","170.00","83.40K","4.79%"
"11/10/2023","167.00","169.75","174.50","166.50","275.58K","-1.33%"
"11/09/2023","169.25","171.00","174.75","168.50","271.27K","-0.73%"
"11/08/2023","170.50","167.25","175.00","167.25","216.10K","2.10%"
"11/07/2023","167.00","164.25","167.00","164.00","38.64K","0.00%"
"11/06/2023","167.00","162.50","169.75","162.50","13.49K","3.09%"
"11/03/2023","162.00","166.00","167.75","162.00","112.05K","-1.82%"
"11/02/2023","165.00","165.00","167.00","165.00","61.63K","-1.49%"
"11/01/2023","167.50","164.75","167.50","164.75","53.08K","2.29%"
"10/31/2023","163.75","167.50","167.50","163.50","15.57K","-0.76%"
"10/30/2023","165.00","165.00","167.50","163.00","5.47K","-0.30%"
"10/27/2023","165.50","160.50","165.50","160.50","2.53K","1.53%"
"10/26/2023","163.00","163.75","163.75","159.00","153.23K","-0.61%"
"10/25/2023","164.00","165.00","165.00","164.00","1.25K","-0.61%"
"10/24/2023","165.00","166.50","166.75","165.00","2.84K","-1.20%"
"10/23/2023","167.00","168.50","168.50","166.25","20.74K","-0.89%"
"10/20/2023","168.50","160.50","168.50","160.50","28.29K","4.01%"
"10/19/2023","162.00","161.75","162.00","161.00","21.97K","0.00%"
"10/18/2023","162.00","163.00","164.75","160.50","24.51K","-1.82%"
"10/17/2023","165.00","164.00","165.00","163.00","4.66K","0.61%"
"10/16/2023","164.00","167.00","167.00","163.00","3.32K","0.61%"
"10/13/2023","163.00","165.75","167.00","163.00","3.76K","-0.61%"
"10/12/2023","164.00","160.25","165.00","160.25","19.81K","1.39%"
"10/11/2023","161.75","165.00","165.00","160.00","21.21K","-0.92%"
"10/10/2023","163.25","159.50","163.75","159.50","106.55K","0.15%"
"10/09/2023","163.00","163.25","163.25","158.00","71.78K","0.00%"
"10/06/2023","163.00","165.00","165.00","163.00","209.74K","-2.69%"
"10/05/2023","167.50","167.75","167.75","165.00","6.19K","0.60%"
"10/04/2023","166.50","164.00","168.00","164.00","5.08K","1.52%"
"10/03/2023","164.00","168.00","169.75","164.00","53.62K","-2.67%"
"10/02/2023","168.50","173.75","173.75","166.50","213.01K","-2.03%"
"09/27/2023","172.00","170.75","173.00","168.50","21.43K","1.33%"
"09/26/2023","169.75","167.50","170.00","167.50","19.28K","0.44%"
"09/25/2023","169.00","170.00","171.00","169.00","49.40K","-0.44%"
"09/22/2023","169.75","167.00","170.00","166.00","143.69K","1.04%"
"09/21/2023","168.00","169.25","170.00","168.00","210.62K","-0.74%"
"09/20/2023","169.25","165.00","171.00","165.00","288.92K","-0.44%"
"09/19/2023","170.00","175.00","175.00","169.00","189.02K","-1.73%"
"09/18/2023","173.00","174.75","177.00","173.00","65.90K","-1.00%"
"09/15/2023","174.75","178.00","178.00","174.75","22.54K","-1.83%"
"09/14/2023","178.00","176.00","178.25","173.00","47.59K","0.99%"
"09/13/2023","176.25","174.00","178.00","173.00","15.58K","0.71%"
"09/12/2023","175.00","174.00","175.00","171.00","54.37K","0.00%"
"09/11/2023","175.00","178.75","178.75","174.50","12.53K","-1.55%"
"09/08/2023","177.75","177.25","179.00","175.25","62.14K","0.42%"
"09/07/2023","177.00","177.00","180.00","176.00","189.98K","0.00%"
"09/06/2023","177.00","181.00","181.00","176.25","1.11M","-2.21%"
"09/05/2023","181.00","173.75","181.00","173.75","305.72K","4.32%"
"09/04/2023","173.50","170.00","173.50","170.00","30.69K","2.06%"
"09/01/2023","170.00","169.75","170.00","166.00","961.44K","0.29%"
"08/31/2023","169.50","171.25","173.50","169.00","29.43K","-1.45%"
"08/29/2023","172.00","173.75","173.75","171.25","47.73K","-1.01%"
"08/28/2023","173.75","175.25","176.00","173.25","885.05K","-0.71%"
"08/25/2023","175.00","174.75","176.00","174.00","464.48K","-0.57%"
"08/24/2023","176.00","181.75","182.00","175.00","371.14K","-3.16%"
"08/23/2023","181.75","175.50","182.00","175.50","145.17K","3.27%"
"08/22/2023","176.00","178.25","179.00","175.50","1.49M","0.28%"
"08/21/2023","175.50","182.25","185.00","175.50","120.89K","-3.31%"
"08/18/2023","181.50","183.00","183.00","180.00","168.34K","-0.68%"
"08/17/2023","182.75","183.50","185.00","182.75","473.10K","-0.41%"
"08/16/2023","183.50","181.25","184.00","179.25","556.50K","0.69%"
"08/15/2023","182.25","188.75","189.50","182.00","23.30K","-3.83%"
"08/14/2023","189.50","198.00","198.00","187.75","554.91K","-4.77%"
"08/11/2023","199.00","199.50","199.50","197.25","147.08K","0.00%"
"08/10/2023","199.00","199.00","200.00","198.50","175.43K","0.89%"
"08/09/2023","197.25","200.75","200.75","196.75","13.34K","-1.62%"
"08/08/2023","200.50","200.25","200.50","195.00","202.09K","0.25%"
"08/07/2023","200.00","200.00","201.75","198.75","95.31K","0.50%"
"08/04/2023","199.00","199.50","201.75","199.00","164.40K","0.00%"
"08/03/2023","199.00","195.00","203.50","194.00","1.76M","0.00%"
"08/02/2023","199.00","195.00","200.00","191.50","361.54K","3.65%"
"07/31/2023","192.00","192.00","195.00","191.50","158.84K","1.05%"
"07/28/2023","190.00","190.00","192.50","190.00","1.15M","0.00%"
"07/27/2023","190.00","175.00","190.00","175.00","314.82K","7.80%"
"07/26/2023","176.25","179.00","179.00","175.25","76.05K","-1.26%"
"07/25/2023","178.50","176.50","179.00","176.50","53.13K","0.14%"
"07/24/2023","178.25","178.00","179.00","176.50","90.23K","0.14%"
"07/21/2023","178.00","178.75","181.75","176.25","138.14K","-1.11%"
"07/20/2023","180.00","181.00","183.00","178.00","599.33K","-0.41%"
"07/19/2023","180.75","180.00","182.00","178.00","539.85K","0.42%"
"07/18/2023","180.00","175.00","180.00","173.00","501.77K","2.86%"
"07/17/2023","175.00","175.00","176.00","172.50","514.16K","1.45%"
"07/14/2023","172.50","165.00","173.00","165.00","710.99K","4.55%"
"07/13/2023","165.00","161.00","166.25","159.00","375.74K","2.48%"
"07/12/2023","161.00","155.00","161.00","155.00","89.41K","3.37%"
"07/11/2023","155.75","155.00","156.00","155.00","76.37K","0.48%"
"07/10/2023","155.00","153.00","155.50","153.00","192.72K","0.00%"
"07/07/2023","155.00","153.00","155.00","152.00","24.22K","-1.59%"
"07/06/2023","157.50","155.00","157.50","150.00","522.53K","1.61%"
"07/05/2023","155.00","159.00","159.00","155.00","211.57K","-2.67%"
"07/04/2023","159.25","150.00","164.25","150.00","1.50M","13.75%"
"06/28/2023","140.00","136.25","141.00","136.25","696.10K","2.00%"
"06/27/2023","137.25","139.50","140.00","136.00","71.36K","-1.79%"
"06/26/2023","139.75","135.25","139.75","133.00","92.45K","2.01%"
"06/23/2023","137.00","136.00","137.75","135.50","86.14K","0.74%"
"06/22/2023","136.00","136.25","136.50","135.00","20.18K","0.00%"
"06/21/2023","136.00","135.75","137.00","135.75","30.95K","0.74%"
"06/20/2023","135.00","130.25","137.00","130.25","41.32K","0.00%"
"06/19/2023","135.00","135.00","136.00","135.00","26.74K","-1.46%"
"06/16/2023","137.00","136.00","137.00","135.50","246.89K","0.00%"
"06/15/2023","137.00","136.00","137.25","136.00","754.65K","1.29%"
"06/14/2023","135.25","132.50","135.50","131.00","544.65K","2.08%"
"06/13/2023","132.50","130.50","135.00","130.25","632.05K","1.92%"
"06/12/2023","130.00","124.25","130.50","124.00","72.04K","3.79%"
"06/09/2023","125.25","124.00","125.25","121.25","23.83K","0.20%"
"06/08/2023","125.00","120.00","125.00","120.00","42.71K","4.17%"
"06/07/2023","120.00","120.00","120.75","118.25","17.61K","0.00%"
"06/06/2023","120.00","121.00","121.00","120.00","23.42K","0.00%"
"06/05/2023","120.00","120.00","121.00","120.00","29.18K","0.00%"
"06/02/2023","120.00","122.00","122.00","118.00","342.27K","0.00%"
"06/01/2023","120.00","118.50","121.00","118.50","54.36K","1.27%"
"05/31/2023","118.50","118.50","118.50","117.00","61.08K","0.42%"
"05/30/2023","118.00","118.00","118.50","116.25","14.54K","0.00%"
"05/29/2023","118.00","120.00","120.00","118.00","10.76K","-2.48%"
"05/26/2023","121.00","120.50","121.00","119.00","2.16M","0.83%"
"05/25/2023","120.00","120.00","120.00","118.50","11.74K","0.00%"
"05/24/2023","120.00","116.25","121.00","116.25","1.26M","0.00%"
"05/23/2023","120.00","117.25","120.00","116.00","1.01M","1.69%"
"05/22/2023","118.00","118.50","119.00","117.00","284.75K","-0.63%"
"05/19/2023","118.75","118.00","120.00","118.00","357.02K","0.64%"
"05/18/2023","118.00","117.00","118.75","117.00","12.46K","0.00%"
"05/17/2023","118.00","118.00","120.00","118.00","130.87K","-1.67%"
"05/16/2023","120.00","122.50","122.75","118.00","194.66K","-2.04%"
"05/15/2023","122.50","119.00","122.50","118.00","168.95K","2.94%"
"05/12/2023","119.00","118.00","119.50","116.50","576.84K","2.59%"
"05/11/2023","116.00","117.25","118.00","116.00","645.60K","-0.22%"
"05/10/2023","116.25","116.00","117.00","116.00","88.43K","0.87%"
"05/09/2023","115.25","118.00","118.25","115.00","260.02K","-2.33%"
"05/08/2023","118.00","115.00","118.25","115.00","382.63K","2.61%"
"05/04/2023","115.00","115.00","115.00","113.00","6.12K","0.00%"
"05/03/2023","115.00","108.75","115.50","106.00","49.31K","4.55%"
"05/02/2023","110.00","112.50","112.50","109.00","161.18K","-4.14%"
"04/28/2023","114.75","115.50","115.50","114.00","286.71K","-0.22%"
"04/27/2023","115.00","118.00","118.00","112.00","1.05M","0.00%"
"04/26/2023","115.00","113.25","116.50","112.50","91.77K","-0.43%"
"04/25/2023","115.50","113.00","115.50","112.50","10.74K","2.21%"
"04/24/2023","113.00","115.25","117.00","112.00","16.39K","-4.64%"
"04/21/2023","118.50","119.00","119.00","115.00","118.61K","-0.42%"
"04/20/2023","119.00","119.00","119.25","118.00","3.85K","0.00%"
"04/19/2023","119.00","120.25","124.25","117.50","45.08K","-1.04%"
"04/18/2023","120.25","124.00","125.00","120.25","8.87K","-2.24%"
"04/17/2023","123.00","127.00","127.00","122.25","34.60K","-1.60%"
"04/12/2023","125.00","125.00","126.75","125.00","94.11K","1.63%"
"04/11/2023","123.00","124.00","125.50","122.25","221.30K","-0.81%"
"04/10/2023","124.00","123.75","125.00","123.00","10.51K","-1.20%"
"04/06/2023","125.50","123.00","126.25","122.50","29.85K","0.60%"
"04/04/2023","124.75","126.00","126.00","124.00","31.10K","-1.77%"
"04/03/2023","127.00","130.00","130.50","125.00","39.06K","-2.31%"
"03/31/2023","130.00","130.00","131.00","126.00","380.17K","7.56%"
"03/30/2023","120.86","119.90","122.54","118.94","9.33K","0.80%"
"03/29/2023","119.90","119.90","122.78","118.94","108.88K","0.00%"
"03/28/2023","119.90","120.86","120.86","116.07","24.56K","-0.40%"
"03/27/2023","120.38","124.22","124.22","120.38","4.53K","-3.09%"
"03/24/2023","124.22","123.50","124.70","120.14","1.30M","0.39%"
"03/23/2023","123.74","124.70","124.70","121.82","8.55K","-4.44%"
"03/22/2023","129.50","126.62","129.50","121.82","132.74K","2.27%"
"03/21/2023","126.62","129.50","129.50","125.90","16.41K","-2.04%"
"03/20/2023","129.26","129.50","132.37","129.02","41.71K","-0.92%"
"03/17/2023","130.46","125.66","130.94","125.66","193.87K","1.87%"
"03/16/2023","128.06","129.02","129.02","126.62","75.11K","2.30%"
"03/15/2023","125.18","118.94","129.50","118.94","232.87K","-0.38%"
"03/14/2023","125.66","118.94","126.62","118.47","1.71M","3.97%"
"03/13/2023","120.86","122.78","123.26","118.94","133.91K","-2.33%"
"03/10/2023","123.74","126.62","126.62","122.78","46.32K","-2.27%"
"03/09/2023","126.62","127.58","127.58","122.78","46.50K","-2.58%"
"03/08/2023","129.98","124.70","131.65","124.70","2.23M","5.24%"
"03/07/2023","123.50","111.27","123.50","111.27","747.83K","10.99%"
"03/03/2023","111.27","108.87","111.27","108.15","134.68K","1.98%"
"03/02/2023","109.11","103.60","109.83","101.68","392.17K","5.32%"
"03/01/2023","103.60","100.72","103.84","100.72","754.81K","2.86%"
"02/28/2023","100.72","103.60","103.60","100.72","2.02M","-3.23%"
"02/27/2023","104.08","107.43","107.43","102.40","8.18K","-3.77%"
"02/24/2023","108.15","109.35","110.07","105.52","64.59K","-1.10%"
"02/23/2023","109.35","107.91","109.35","106.47","54.03K","0.00%"
"02/22/2023","109.35","110.31","114.63","109.35","140.15K","-0.87%"
"02/21/2023","110.31","111.27","111.27","106.00","41.43K","-2.13%"
"02/20/2023","112.71","104.56","115.11","104.56","213.94K","10.33%"
"02/17/2023","102.16","96.88","102.16","96.40","435.90K","6.50%"
"02/16/2023","95.92","94.48","96.88","92.09","156.27K","2.04%"
"02/15/2023","94.00","91.22","94.00","91.22","44.71K","1.55%"
"02/14/2023","92.57","92.09","94.96","91.13","65.42K","-0.52%"
"02/13/2023","93.05","92.09","94.96","91.13","160.13K","-0.92%"
"02/10/2023","93.91","92.09","95.92","91.80","41.32K","1.03%"
"02/09/2023","92.95","92.09","94.96","91.70","28.45K","0.83%"
"02/08/2023","92.18","87.77","95.92","87.29","73.65K","2.23%"
"02/07/2023","90.17","89.21","90.17","86.33","279.74K","1.08%"
"02/06/2023","89.21","90.94","90.94","88.63","69.71K","-1.06%"
"02/03/2023","90.17","86.62","91.13","86.62","27.49K","4.44%"
"02/02/2023","86.33","85.37","86.71","84.41","144.09K","2.16%"
"02/01/2023","84.51","82.01","84.51","82.01","44.31K","3.04%"
"01/31/2023","82.01","81.06","82.49","81.06","526.07K","0.59%"
"01/30/2023","81.53","81.44","82.40","80.58","79.58K","0.24%"
"01/27/2023","81.34","80.58","81.44","79.71","1.12M","0.95%"
"01/26/2023","80.58","80.58","80.58","79.62","46.40K","0.48%"
"01/25/2023","80.19","80.58","81.53","79.23","104.61K","0.60%"
"01/24/2023","79.71","82.30","83.07","79.62","68.74K","-3.93%"
"01/23/2023","82.97","81.53","85.37","79.81","192.37K","4.22%"
"01/20/2023","79.62","74.82","80.58","73.86","789.16K","4.53%"
"01/19/2023","76.16","74.82","76.26","74.82","25.82K","3.12%"
"01/18/2023","73.86","73.48","73.86","72.52","60.76K","1.05%"
"01/17/2023","73.09","73.00","75.78","72.90","247.37K","0.26%"
"01/13/2023","72.90","73.29","73.38","72.90","3.75K","-0.65%"
"01/12/2023","73.38","75.30","75.30","73.00","3.15K","-0.13%"
"01/11/2023","73.48","75.78","75.78","72.23","4.71K","1.46%"
"01/10/2023","72.42","72.13","74.82","72.13","0.94K","-1.31%"
"01/09/2023","73.38","73.86","74.24","72.42","97.92K","-1.03%"
"01/05/2023","74.15","76.64","76.64","74.15","2.23K","-0.77%"
"01/04/2023","74.72","76.74","76.74","74.72","3.25K","-2.62%"
"01/03/2023","76.74","74.92","76.74","74.82","3.77K","-0.25%"
"01/02/2023","76.93","77.41","77.41","76.45","2.21K","0.50%"
"12/30/2022","76.55","75.49","76.74","75.49","11.48K","1.01%"
"12/29/2022","75.78","74.82","75.78","74.24","4.15K","1.28%"
"12/28/2022","74.82","74.82","74.82","74.72","10.60K","1.30%"
"12/27/2022","73.86","73.57","75.20","73.57","7.61K","-0.65%"
"12/23/2022","74.34","75.30","75.30","73.57","2.59K","-1.27%"
"12/22/2022","75.30","74.92","75.30","73.86","2.44K","0.51%"
"12/21/2022","74.92","75.97","76.35","74.92","3.17K","-1.51%"
"12/20/2022","76.07","77.70","77.70","76.07","90.42K","-0.87%"
"12/19/2022","76.74","76.74","76.74","76.74","7.20K","0.00%"
"12/16/2022","76.74","78.66","79.14","76.74","1.94K","-3.03%"
"12/15/2022","79.14","78.66","79.14","76.93","9.54K","1.85%"
"12/14/2022","77.70","76.83","78.56","76.74","8.28K","0.12%"
"12/13/2022","77.60","76.64","77.60","76.26","565.92K","1.25%"
"12/12/2022","76.64","74.92","76.74","74.92","11.75K","0.00%"
"12/09/2022","76.64","76.74","76.74","75.30","16.99K","1.14%"
"12/08/2022","75.78","77.22","77.70","75.78","571.35K","-0.63%"
"12/06/2022","76.26","76.74","76.74","75.88","1.47K","0.63%"
"12/05/2022","75.78","76.64","77.70","75.78","10.90K","-1.13%"
"12/02/2022","76.64","72.90","76.74","72.90","106.13K","2.44%"
"12/01/2022","74.82","73.86","74.82","71.94","69.63K","1.43%"
"11/30/2022","73.77","71.94","74.82","71.94","10.89K","2.53%"
"11/29/2022","71.94","73.77","73.77","71.94","7.08K","-0.13%"
"11/28/2022","72.04","72.90","73.77","71.94","4.01K","-1.70%"
"11/25/2022","73.29","72.90","73.29","71.94","358.15K","1.87%"
"11/24/2022","71.94","74.82","74.82","71.65","844.76K","-5.66%"
"11/23/2022","76.26","69.16","76.55","69.16","407.25K","10.11%"
"11/22/2022","69.26","69.16","71.27","69.06","217.97K","0.28%"
"11/21/2022","69.06","69.93","69.93","69.06","165.93K","-1.37%"
"11/18/2022","70.02","71.27","71.27","70.02","3.73K","-0.14%"
"11/17/2022","70.12","71.94","71.94","70.02","15.38K","-3.82%"
"11/16/2022","72.90","75.78","75.78","70.98","6.15K","-1.30%"
"11/15/2022","73.86","70.98","76.74","69.06","966.58K","4.05%"
"11/14/2022","70.98","70.98","70.98","70.79","7.48K","0.95%"
"11/11/2022","70.31","70.98","70.98","70.31","7.32K","0.00%"
"11/10/2022","70.31","70.98","70.98","70.12","2.99K","1.10%"
"11/09/2022","69.54","70.02","70.50","69.54","37.75K","-0.68%"
"11/08/2022","70.02","72.52","73.86","69.83","11.45K","-3.95%"
"11/04/2022","72.90","74.34","74.82","71.94","79.70K","0.13%"
"11/03/2022","72.81","73.77","74.34","72.81","20.46K","-0.13%"
"11/02/2022","72.90","73.86","73.86","72.90","39.18K","-1.30%"
"11/01/2022","73.86","74.34","74.34","73.86","5.29K","-0.13%"
"10/31/2022","73.96","74.05","74.34","73.86","2.93K","-0.26%"
"10/28/2022","74.15","74.44","74.44","73.96","2.97K","-0.77%"
"10/27/2022","74.72","74.34","74.82","74.05","18.62K","0.52%"
"10/26/2022","74.34","74.34","74.82","74.05","4.53K","0.39%"
"10/25/2022","74.05","74.34","74.82","73.86","2.54K","0.26%"
"10/21/2022","73.86","74.63","74.63","73.86","14.32K","-1.28%"
"10/20/2022","74.82","75.59","75.59","74.44","5.03K","0.13%"
"10/19/2022","74.72","75.59","75.59","74.63","2.83K","-0.13%"
"10/18/2022","74.82","75.30","75.59","74.63","26.96K","-1.02%"
"10/17/2022","75.59","75.30","78.66","75.11","11.91K","0.38%"
"10/14/2022","75.30","75.40","77.70","74.82","32.05K","0.13%"
"10/13/2022","75.20","75.49","75.49","74.82","36.25K","-0.76%"
"10/12/2022","75.78","75.78","77.70","75.11","13.95K","0.77%"
"10/11/2022","75.20","76.74","76.74","75.20","114.14K","-2.00%"
"10/07/2022","76.74","77.70","80.00","76.55","41.13K","-1.23%"
"10/06/2022","77.70","78.18","79.90","77.70","12.03K","-0.74%"
"10/05/2022","78.27","76.93","80.10","76.93","7.19K","1.37%"
"10/04/2022","77.22","79.62","79.62","77.22","8.00K","-1.83%"
"10/03/2022","78.66","80.86","80.86","78.66","29.90K","-3.19%"
"09/30/2022","81.25","82.01","82.01","80.48","7.62K","0.71%"
"09/29/2022","80.67","80.58","82.97","79.62","7.00K","-1.06%"
"09/28/2022","81.53","82.01","82.49","80.58","64.75K","0.00%"
"09/27/2022","81.53","78.66","81.53","78.66","129.70K","3.03%"
"09/26/2022","79.14","81.53","81.53","77.79","4.53K","0.61%"
"09/23/2022","78.66","81.06","84.12","77.70","56.99K","-2.96%"
"09/22/2022","81.06","79.62","81.44","79.33","12.26K","1.81%"
"09/21/2022","79.62","80.10","81.53","79.62","6.95K","-0.84%"
"09/20/2022","80.29","82.01","83.36","80.10","11.64K","-2.67%"
"09/19/2022","82.49","84.89","84.89","81.82","120.33K","-2.71%"
"09/16/2022","84.80","85.37","85.37","81.53","48.30K","0.23%"
"09/15/2022","84.60","83.45","91.13","82.69","259.47K","3.76%"
"09/14/2022","81.53","78.66","84.41","78.37","373.19K","5.59%"
"09/13/2022","77.22","76.83","77.22","76.74","39.30K","0.62%"
"09/12/2022","76.74","76.64","77.22","75.78","59.18K","0.25%"
"09/09/2022","76.55","75.68","76.74","75.59","10.92K","1.01%"
"09/08/2022","75.78","76.74","76.74","75.30","76.62K","-1.25%"
"09/07/2022","76.74","76.64","77.22","76.45","12.15K","0.00%"
"09/06/2022","76.74","78.66","78.66","76.74","26.06K","-2.44%"
"09/05/2022","78.66","76.45","78.66","76.45","108.41K","2.50%"
"09/02/2022","76.74","77.22","79.14","76.74","32.95K","-2.32%"
"09/01/2022","78.56","77.99","78.66","75.78","151.24K","3.67%"
"08/31/2022","75.78","76.74","76.74","75.78","26.98K","-2.47%"
"08/30/2022","77.70","77.70","77.70","77.51","1.79K","0.25%"
"08/29/2022","77.51","79.52","79.52","77.22","4.32K","-0.25%"
"08/26/2022","77.70","79.62","79.62","77.70","7.43K","1.25%"
"08/25/2022","76.74","78.66","79.23","76.74","2.89K","-3.50%"
"08/24/2022","79.52","80.00","80.00","76.74","13.00K","2.35%"
"08/23/2022","77.70","80.19","80.19","77.70","2.38K","-2.41%"
"08/22/2022","79.62","75.78","79.62","73.86","139.43K","5.06%"
"08/19/2022","75.78","76.26","76.26","74.82","45.60K","0.00%"
"08/18/2022","75.78","79.33","79.33","75.78","802.30K","-4.82%"
"08/17/2022","79.62","79.71","80.58","78.66","11.67K","0.00%"
"08/16/2022","79.62","81.73","82.49","79.62","30.93K","-1.78%"
"08/15/2022","81.06","83.36","83.36","80.48","80.92K","-2.87%"
"08/12/2022","83.45","87.29","88.25","83.36","17.14K","-3.33%"
"08/10/2022","86.33","85.37","87.19","84.89","19.12K","1.12%"
"08/09/2022","85.37","89.11","89.11","84.51","50.85K","-1.22%"
"08/08/2022","86.43","86.33","86.43","84.89","45.48K","0.11%"
"08/05/2022","86.33","82.97","89.21","82.97","35.29K","4.05%"
"08/04/2022","82.97","82.49","87.77","82.49","6.29K","0.23%"
"08/03/2022","82.78","82.49","83.45","82.49","115.75K","0.35%"
"08/02/2022","82.49","79.71","82.49","79.71","584.27K","3.61%"
"08/01/2022","79.62","78.75","79.71","78.66","19.47K","0.00%"
"07/29/2022","79.62","79.14","79.62","78.66","5.90K","0.73%"
"07/28/2022","79.04","79.62","79.62","78.85","0.76K","-1.90%"
"07/27/2022","80.58","78.75","80.96","78.66","27.54K","1.20%"
"07/26/2022","79.62","77.79","80.48","77.79","18.68K","1.84%"
"07/25/2022","78.18","78.66","78.66","77.70","32.98K","-0.49%"
"07/22/2022","78.56","78.66","78.66","76.64","207.06K","-0.12%"
"07/21/2022","78.66","81.06","81.06","78.66","15.28K","-2.26%"
"07/20/2022","80.48","79.62","80.48","77.22","29.71K","4.88%"
"07/19/2022","76.74","79.62","81.53","76.74","6.94K","-3.61%"
"07/18/2022","79.62","78.08","79.62","76.26","21.57K","2.47%"
"07/15/2022","77.70","76.74","77.70","76.74","7.36K","2.53%"
"07/14/2022","75.78","75.78","75.78","74.82","2.76K","0.00%"
"07/12/2022","75.78","76.64","76.64","74.82","534.35K","-1.13%"
"07/11/2022","76.64","76.16","76.74","74.82","18.31K","2.44%"
"07/08/2022","74.82","74.82","75.68","74.82","212.68K","0.00%"
"07/07/2022","74.82","75.78","76.55","73.86","1.90M","0.91%"
"07/06/2022","74.15","76.26","76.74","74.15","43.93K","-2.77%"
"07/05/2022","76.26","76.93","76.93","74.82","478.84K","-0.62%"
"07/04/2022","76.74","76.74","76.74","74.92","32.13K","0.00%"
"07/01/2022","76.74","76.16","76.74","74.92","14.59K","0.63%"
"06/30/2022","76.26","75.01","76.64","75.01","1.57K","1.27%"
"06/29/2022","75.30","74.92","76.74","74.82","819.78K","0.64%"
"06/28/2022","74.82","76.74","76.74","74.82","1.09M","-2.50%"
"06/27/2022","76.74","77.70","77.70","76.74","130.23K","-1.23%"
"06/24/2022","77.70","76.74","78.56","76.74","871.25K","1.25%"
"06/23/2022","76.74","76.64","77.70","75.30","1.53M","2.56%"
"06/22/2022","74.82","73.96","74.82","73.86","9.73K","0.00%"
"06/21/2022","74.82","74.82","76.55","73.96","14.35K","0.00%"
"06/20/2022","74.82","74.15","74.82","73.86","5.03K","1.30%"
"06/17/2022","73.86","73.86","76.74","73.86","39.25K","0.00%"
"06/16/2022","73.86","74.82","74.82","73.86","172.53K","0.00%"
"06/15/2022","73.86","74.15","76.64","73.77","1.05M","-0.52%"
"06/13/2022","74.24","74.82","74.82","73.38","34.84K","1.18%"
"06/10/2022","73.38","74.82","74.82","73.38","29.76K","-0.65%"
"06/09/2022","73.86","74.82","74.82","73.86","439.45K","-0.13%"
"06/08/2022","73.96","74.44","74.82","73.96","32.44K","-1.15%"
"06/07/2022","74.82","74.92","74.92","73.86","167.24K","-0.64%"
"06/06/2022","75.30","74.82","77.70","74.82","17.58K","0.64%"
"06/03/2022","74.82","74.92","77.70","74.82","92.70K","0.00%"
"06/02/2022","74.82","76.64","76.64","74.82","70.96K","0.00%"
"06/01/2022","74.82","74.82","74.82","73.86","218.67K","0.00%"
"05/31/2022","74.82","74.53","76.64","74.34","552.50K","-1.27%"
"05/30/2022","75.78","74.34","76.74","74.34","24.79K","1.94%"
"05/27/2022","74.34","75.59","75.78","74.34","59.50K","-1.77%"
"05/26/2022","75.68","77.70","77.70","75.49","52.65K","-1.37%"
"05/25/2022","76.74","77.89","77.89","76.74","52.76K","-1.60%"
"05/24/2022","77.99","80.58","80.58","77.70","39.73K","-0.85%"
"05/23/2022","78.66","81.53","81.53","78.66","40.33K","0.00%"
"05/20/2022","78.66","79.62","79.62","77.22","173.94K","-0.12%"
"05/19/2022","78.75","80.58","80.58","78.75","22.64K","-0.97%"
"05/18/2022","79.52","81.53","81.53","79.42","137.88K","0.48%"
"05/17/2022","79.14","81.53","81.53","79.14","203.75K","-0.60%"
"05/13/2022","79.62","80.96","80.96","78.85","44.76K","1.22%"
"05/12/2022","78.66","76.74","80.58","76.74","1.26M","-1.20%"
"05/09/2022","79.62","82.01","82.01","79.62","15.36K","-3.04%"
"05/06/2022","82.11","82.40","83.36","82.01","5.92K","-0.35%"
"05/05/2022","82.40","84.41","84.41","81.53","21.83K","-2.39%"
"05/04/2022","84.41","86.33","86.33","83.74","29.06K","0.80%"
"04/29/2022","83.74","89.02","89.02","81.53","53.48K","-3.00%"
"04/28/2022","86.33","88.25","88.73","83.45","13.87K","0.00%"
"04/27/2022","86.33","82.49","88.25","81.53","160.31K","4.53%"
"04/26/2022","82.59","83.45","83.45","82.59","4.80K","-3.80%"
"04/25/2022","85.85","86.33","86.33","85.85","10.81K","-5.39%"
"04/08/2022","90.74","94.96","97.84","90.17","44.93K","-4.35%"
"04/07/2022","94.87","97.84","97.84","93.14","16.75K","1.85%"
"04/06/2022","93.14","99.76","100.72","93.14","33.53K","-5.73%"
"04/05/2022","98.80","97.84","100.72","95.92","20.04K","2.49%"
"04/04/2022","96.40","96.40","106.24","93.05","165.38K","0.50%"
"04/01/2022","95.92","102.64","102.64","95.92","8.88K","-6.54%"
"03/31/2022","102.64","108.87","108.87","95.92","17.94K","-8.46%"
"03/30/2022","112.13","112.60","113.07","105.06","262.73K","-0.42%"
"03/29/2022","112.60","117.78","120.14","111.42","75.85K","-6.64%"
"03/28/2022","120.61","123.44","123.44","113.07","1.63M","-2.66%"
"03/25/2022","123.91","123.44","124.38","122.96","19.57K","0.38%"
"03/24/2022","123.44","124.38","124.38","122.96","49.98K","-1.50%"
"03/23/2022","125.32","126.26","126.26","124.38","3.00K","0.00%"
"03/22/2022","125.32","126.26","126.26","124.38","14.41K","0.00%"
"03/21/2022","125.32","125.32","126.26","123.44","8.23K","1.53%"
"03/18/2022","123.44","121.08","124.85","121.08","1.80K","0.77%"
"03/16/2022","122.49","122.02","122.49","121.08","25.58K","0.00%"
"03/15/2022","122.49","122.49","122.49","121.55","15.14K","0.00%"
"03/14/2022","122.49","125.32","125.32","122.49","28.73K","-0.76%"
"03/11/2022","123.44","124.85","125.32","122.49","13.26K","-0.76%"
"03/10/2022","124.38","121.32","124.38","118.25","48.02K","2.92%"
"03/09/2022","120.84","122.49","123.44","120.84","86.68K","-3.39%"
"03/08/2022","125.08","124.38","125.32","122.49","74.22K","0.57%"
"03/07/2022","124.38","127.20","127.20","122.49","46.47K","-2.04%"
"03/04/2022","126.97","127.44","127.44","126.97","13.23K","-0.37%"
"03/03/2022","127.44","127.20","130.03","126.73","4.55K","0.19%"
"03/02/2022","127.20","129.80","130.03","125.56","90.21K","-1.82%"
"02/28/2022","129.56","130.03","130.03","127.20","35.22K","1.85%"
"02/25/2022","127.20","128.15","129.09","122.73","13.73K","1.50%"
"02/24/2022","125.32","127.20","128.62","122.49","50.10K","-1.48%"
"02/23/2022","127.20","130.74","130.74","122.73","70.31K","-1.64%"
"02/22/2022","129.32","130.74","130.74","127.91","42.50K","-1.26%"
"02/21/2022","130.97","131.92","133.56","130.03","71.17K","-0.18%"
"02/18/2022","131.21","129.80","131.92","128.85","16.84K","0.36%"
"02/17/2022","130.74","129.09","130.97","129.09","31.56K","2.97%"
"02/15/2022","126.97","129.09","129.09","126.73","10.17K","0.19%"
"02/14/2022","126.73","126.50","129.09","126.26","11.77K","-1.82%"
"02/11/2022","129.09","130.03","130.03","127.20","15.35K","1.48%"
"02/10/2022","127.20","126.03","128.15","125.32","9.53K","0.00%"
"02/09/2022","127.20","126.73","128.15","126.03","7.05K","0.56%"
"02/08/2022","126.50","129.32","130.03","126.03","32.94K","-2.19%"
"02/07/2022","129.32","131.21","131.92","129.32","5.46K","-1.08%"
"02/03/2022","130.74","127.20","130.97","127.20","8.47K","2.40%"
"02/02/2022","127.68","129.09","129.09","127.20","144.27K","-1.09%"
"02/01/2022","129.09","130.97","131.92","129.09","176.53K","-1.62%"
"01/31/2022","131.21","130.97","131.92","130.03","24.01K","0.18%"
"01/28/2022","130.97","130.97","132.86","129.09","54.50K","-0.71%"
"01/27/2022","131.92","130.97","131.92","130.27","39.61K","1.08%"
"01/26/2022","130.50","131.21","131.92","130.03","10.27K","-0.36%"
"01/25/2022","130.97","132.86","133.33","130.97","6.07K","-2.11%"
"01/24/2022","133.80","132.86","133.80","130.97","92.45K","1.43%"
"01/21/2022","131.92","133.80","136.63","131.92","97.93K","0.00%"
"01/20/2022","131.92","131.92","131.92","130.97","27.91K","1.45%"
"01/19/2022","130.03","132.86","132.86","130.03","30.43K","1.10%"
"01/18/2022","128.62","131.68","131.92","128.62","109.13K","-0.36%"
"01/13/2022","129.09","131.68","131.68","129.09","34.29K","-1.97%"
"01/12/2022","131.68","132.86","132.86","130.74","10.80K","-0.18%"
"01/11/2022","131.92","134.27","134.27","130.97","32.29K","-0.71%"
"01/10/2022","132.86","127.20","136.63","125.32","220.94K","6.21%"
"01/07/2022","125.08","126.97","126.97","124.61","132.54K","-0.75%"
"01/06/2022","126.03","124.61","126.73","124.38","180.74K","1.13%"
"01/05/2022","124.61","127.91","128.15","124.61","227.13K","-3.11%"
"01/04/2022","128.62","128.15","128.62","126.97","30.26K","0.92%"
"01/03/2022","127.44","127.20","128.15","126.97","172.68K","0.19%"
"12/31/2021","127.20","129.09","129.09","126.73","87.89K","-1.28%"
"12/30/2021","128.85","127.68","129.09","126.97","145.13K","0.55%"
"12/29/2021","128.15","128.15","130.03","127.20","24.23K","-0.37%"
"12/28/2021","128.62","127.20","130.03","127.20","2.24K","0.74%"
"12/27/2021","127.68","129.09","129.09","126.73","58.81K","-1.09%"
"12/24/2021","129.09","129.56","130.50","129.09","1.29K","-0.72%"
"12/23/2021","130.03","128.15","130.03","126.97","99.46K","1.10%"
"12/22/2021","128.62","129.09","130.03","128.15","44.11K","1.11%"
"12/21/2021","127.20","129.32","129.56","125.32","99.86K","-1.82%"
"12/20/2021","129.56","131.92","131.92","129.09","260.10K","-2.31%"
"12/17/2021","132.62","132.39","133.80","131.92","205.82K","0.18%"
"12/16/2021","132.39","135.45","135.45","132.39","66.83K","-0.53%"
"12/15/2021","133.09","134.51","135.68","133.09","44.40K","-0.88%"
"12/14/2021","134.27","134.51","134.74","132.86","277.96K","0.00%"
"12/13/2021","134.27","134.74","135.68","134.27","1.18M","-1.04%"
"12/10/2021","135.68","134.51","135.92","133.80","159.13K","0.00%"
"12/09/2021","135.68","136.63","136.63","132.86","290.64K","0.00%"
"12/08/2021","135.68","138.98","138.98","134.74","164.43K","-2.04%"
"12/07/2021","138.51","139.45","139.45","138.51","161.84K","-1.18%"
"12/06/2021","140.16","141.34","141.34","138.98","42.11K","-0.67%"
"12/03/2021","141.10","141.34","142.75","139.92","90.33K","-0.33%"
"12/02/2021","141.57","139.45","142.28","139.45","347.44K","1.52%"
"12/01/2021","139.45","138.04","142.75","138.04","258.15K","-0.67%"
"11/30/2021","140.40","143.46","143.46","136.86","441.75K","-1.32%"
"11/29/2021","142.28","143.69","143.69","141.57","37.06K","-1.31%"
"11/26/2021","144.17","146.05","146.05","143.22","332.01K","-0.65%"
"11/25/2021","145.11","145.34","147.46","144.17","53.92K","-0.16%"
"11/24/2021","145.34","149.35","149.82","145.11","125.05K","-2.99%"
"11/23/2021","149.82","148.88","150.76","148.41","150.38K","0.00%"
"11/22/2021","149.82","146.05","149.82","146.05","100.01K","2.58%"
"11/19/2021","146.05","146.99","146.99","145.11","76.34K","0.00%"
"11/17/2021","146.05","144.17","148.64","142.28","130.04K","1.31%"
"11/16/2021","144.17","147.23","150.29","142.28","123.63K","-1.92%"
"11/15/2021","146.99","148.88","150.76","141.34","171.84K","-4.00%"
"11/12/2021","153.12","154.29","155.47","152.88","231.82K","-0.46%"
"11/11/2021","153.82","158.30","161.13","153.59","150.29K","-3.97%"
"11/10/2021","160.18","155.47","160.18","155.47","804.87K","3.03%"
"11/09/2021","155.47","153.12","161.13","152.88","1.58M","0.61%"
"11/08/2021","154.53","150.76","155.94","150.76","217.81K","1.08%"
"11/05/2021","152.88","152.88","153.35","152.17","316.95K","-0.15%"
"11/03/2021","153.12","152.65","155.00","151.70","165.67K","0.31%"
"11/02/2021","152.65","150.76","153.12","149.35","280.50K","1.09%"
"11/01/2021","151.00","151.47","151.47","146.99","279.50K","0.16%"
"10/29/2021","150.76","148.64","151.47","145.34","401.55K","1.27%"
"10/28/2021","148.88","151.23","151.23","147.46","42.71K","-1.40%"
"10/27/2021","151.00","141.81","152.65","141.81","1.23M","5.60%"
"10/26/2021","142.99","141.34","142.99","141.34","302.13K","1.17%"
"10/25/2021","141.34","141.34","141.81","140.87","100.51K","-0.33%"
"10/22/2021","141.81","141.57","142.75","141.34","66.01K","-0.17%"
"10/21/2021","142.05","141.34","143.22","141.34","68.52K","0.17%"
"10/18/2021","141.81","141.10","142.28","140.40","164.59K","1.35%"
"10/15/2021","139.92","140.87","141.10","139.92","17.72K","-1.00%"
"10/14/2021","141.34","140.87","142.05","140.87","145.04K","0.67%"
"10/13/2021","140.40","140.40","141.34","138.04","746.38K","0.00%"
"10/12/2021","140.40","139.45","141.10","136.63","425.68K","0.00%"
"10/11/2021","140.40","141.34","142.28","139.45","96.13K","-0.67%"
"10/08/2021","141.34","143.22","143.22","134.74","349.25K","-0.99%"
"10/07/2021","142.75","142.28","145.11","142.28","577.08K","0.66%"
"10/06/2021","141.81","135.45","143.22","135.45","659.93K","4.70%"
"10/05/2021","135.45","132.15","136.16","132.15","72.03K","0.17%"
"10/04/2021","135.21","133.80","135.21","131.92","99.81K","1.06%"
"10/01/2021","133.80","136.39","136.39","132.86","160.22K","-1.22%"
"09/30/2021","135.45","131.92","135.45","131.44","358.59K","2.68%"
"09/29/2021","131.92","131.92","131.92","131.44","23.07K","0.18%"
"09/28/2021","131.68","131.68","131.92","130.03","259.43K","-0.89%"
"09/27/2021","132.86","132.39","133.09","132.15","12.34K","-0.18%"
"09/24/2021","133.09","131.92","133.33","131.92","113.45K","0.89%"
"09/23/2021","131.92","130.97","131.92","130.97","136.16K","0.18%"
"09/22/2021","131.68","130.97","132.15","130.97","79.67K","0.54%"
"09/21/2021","130.97","130.97","130.97","126.26","114.67K","-0.71%"
"09/17/2021","131.92","131.68","131.92","130.97","66.01K","0.00%"
"09/16/2021","131.92","130.97","132.39","130.97","144.53K","0.54%"
"09/15/2021","131.21","131.92","131.92","130.50","82.15K","-0.36%"
"09/14/2021","131.68","131.68","132.86","130.74","254.38K","-0.18%"
"09/13/2021","131.92","133.33","133.33","130.97","235.52K","-2.10%"
"09/10/2021","134.74","132.86","135.45","131.92","460.64K","0.18%"
"09/09/2021","134.51","130.03","135.21","130.03","546.44K","3.25%"
"09/08/2021","130.27","128.62","131.92","128.15","1.88M","-0.54%"
"09/07/2021","130.97","127.91","131.68","127.91","149.84K","1.65%"
"09/06/2021","128.85","129.80","129.80","127.91","108.02K","-0.73%"
"09/03/2021","129.80","128.62","130.97","127.20","56.10K","-0.18%"
"09/02/2021","130.03","129.09","130.97","128.15","261.02K","1.85%"
"09/01/2021","127.68","130.03","130.03","127.20","170.64K","-1.81%"
"08/31/2021","130.03","128.15","130.03","127.68","342.55K","0.00%"
"08/30/2021","130.03","130.50","130.97","128.62","69.01K","-0.72%"
"08/27/2021","130.97","134.27","135.21","130.50","151.53K","-2.46%"
"08/26/2021","134.27","127.20","137.33","127.20","1.81M","5.17%"
"08/25/2021","127.68","127.20","127.68","126.26","99.69K","0.37%"
"08/24/2021","127.20","128.15","128.15","125.32","128.38K","-0.74%"
"08/23/2021","128.15","125.32","128.38","125.08","1.63M","2.64%"
"08/20/2021","124.85","125.08","125.08","124.38","63.28K","0.00%"
"08/19/2021","124.85","124.38","124.85","123.44","374.65K","0.38%"
"08/18/2021","124.38","122.49","125.32","122.49","66.70K","0.76%"
"08/17/2021","123.44","122.49","124.38","122.49","80.11K","-0.38%"
"08/16/2021","123.91","123.67","124.38","123.44","27.07K","0.77%"
"08/13/2021","122.96","123.91","124.38","122.49","14.75K","-0.57%"
"08/12/2021","123.67","123.20","123.67","122.49","718.78K","0.77%"
"08/11/2021","122.73","122.49","123.44","122.49","134.60K","-0.57%"
"08/10/2021","123.44","123.20","123.67","122.49","436.82K","0.77%"
"08/09/2021","122.49","121.55","123.20","121.55","326.01K","0.19%"
"08/06/2021","122.26","120.14","122.49","118.96","271.92K","1.76%"
"08/05/2021","120.14","119.90","121.32","118.72","436.35K","-0.20%"
"08/04/2021","120.37","121.55","121.55","120.14","33.25K","-0.20%"
"08/03/2021","120.61","120.84","121.55","120.37","1.36M","-0.58%"
"08/02/2021","121.32","122.49","122.49","120.61","116.41K","-0.77%"
"07/30/2021","122.26","122.26","122.49","121.55","41.03K","0.00%"
"07/29/2021","122.26","122.26","122.26","121.55","17.23K","0.00%"
"07/28/2021","122.26","122.49","122.49","121.79","29.62K","-0.19%"
"07/27/2021","122.49","122.02","122.49","121.55","34.45K","0.39%"
"07/26/2021","122.02","122.02","123.20","120.61","124.43K","-0.19%"
"07/22/2021","122.26","123.44","123.44","121.79","91.49K","-0.95%"
"07/20/2021","123.44","123.67","124.85","121.79","89.52K","0.00%"
"07/19/2021","123.44","124.85","124.85","123.44","181.76K","-2.06%"
"07/16/2021","126.03","125.32","126.26","125.32","43.95K","0.94%"
"07/15/2021","124.85","125.79","126.03","124.85","47.71K","-1.12%"
"07/14/2021","126.26","125.79","126.26","124.61","28.47K","0.37%"
"07/13/2021","125.79","123.44","125.79","123.44","73.61K","0.38%"
"07/12/2021","125.32","124.14","125.79","123.91","265.41K","0.76%"
"07/09/2021","124.38","123.44","125.08","123.44","46.06K","0.76%"
"07/08/2021","123.44","123.44","124.38","122.49","2.84M","0.00%"
"07/07/2021","123.44","125.32","125.32","122.49","66.65K","0.00%"
"07/06/2021","123.44","123.44","124.38","122.73","26.84K","0.00%"
"07/05/2021","123.44","123.91","124.14","123.20","172.93K","-0.57%"
"07/02/2021","124.14","125.79","125.79","123.20","233.85K","-0.94%"
"07/01/2021","125.32","126.26","126.26","124.85","81.91K","-0.75%"
"06/30/2021","126.26","126.26","127.20","125.32","637.42K","-1.11%"
"06/29/2021","127.68","129.32","129.56","126.73","83.44K","-1.09%"
"06/28/2021","129.09","128.15","129.56","128.15","194.04K","0.37%"
"06/25/2021","128.62","127.20","128.62","127.20","165.21K","1.49%"
"06/23/2021","126.73","126.73","127.91","125.32","107.51K","-0.37%"
"06/22/2021","127.20","129.09","129.09","127.20","155.79K","-1.82%"
"06/21/2021","129.56","129.80","130.03","128.15","706.24K","-0.18%"
"06/18/2021","129.80","129.80","130.03","129.09","123.02K","0.55%"
"06/17/2021","129.09","130.03","130.97","129.09","186.01K","0.00%"
"06/16/2021","129.09","127.68","129.80","127.68","3.00M","1.48%"
"06/15/2021","127.20","128.62","128.62","127.20","103.76K","-0.55%"
"06/14/2021","127.91","127.68","128.85","126.26","69.97K","0.18%"
"06/11/2021","127.68","127.91","129.56","127.44","400.83K","0.00%"
"06/10/2021","127.68","127.20","129.56","126.73","175.43K","0.74%"
"06/09/2021","126.73","127.20","127.20","126.73","45.48K","-0.19%"
"06/08/2021","126.97","128.15","128.15","126.26","82.99K","-0.37%"
"06/07/2021","127.44","128.85","128.85","126.73","18.05K","-0.73%"
"06/04/2021","128.38","127.20","128.62","127.20","468.16K","0.93%"
"06/03/2021","127.20","126.26","127.68","124.38","513.65K","0.93%"
"06/02/2021","126.03","124.38","127.20","124.38","239.88K","0.94%"
"06/01/2021","124.85","122.49","125.08","122.49","345.11K","2.32%"
"05/31/2021","122.02","121.55","122.49","121.32","142.58K","0.39%"
"05/28/2021","121.55","121.55","122.49","121.55","555.12K","-0.19%"
"05/25/2021","121.79","120.61","122.49","120.61","87.98K","0.39%"
"05/24/2021","121.32","122.26","122.26","120.14","9.04K","-0.58%"
"05/21/2021","122.02","122.26","122.26","120.37","56.60K","0.00%"
"05/20/2021","122.02","121.32","122.26","121.32","26.55K","-0.19%"
"05/19/2021","122.26","121.55","122.26","121.08","6.18K","0.19%"
"05/18/2021","122.02","122.02","122.02","120.84","8.35K","0.00%"
"05/17/2021","122.02","120.61","122.02","119.67","140.29K","1.37%"
"05/13/2021","120.37","119.90","120.61","119.90","95.96K","0.00%"
"05/12/2021","120.37","120.61","120.84","119.90","71.02K","-0.20%"
"05/11/2021","120.61","120.61","121.32","119.67","5.27K","-0.39%"
"05/10/2021","121.08","122.02","122.26","120.61","64.11K","-0.96%"
"05/07/2021","122.26","122.02","122.49","121.55","53.71K","0.19%"
"05/06/2021","122.02","122.26","122.26","121.55","113.81K","0.00%"
"05/05/2021","122.02","121.08","122.49","121.08","42.88K","1.57%"
"05/04/2021","120.14","123.20","123.20","120.14","9.00M","-1.54%"
"05/03/2021","122.02","120.61","122.96","118.25","199.88K","1.17%"
"04/30/2021","120.61","122.49","122.49","120.61","27.87K","-1.54%"
"04/29/2021","122.49","122.49","123.20","118.72","7.22M","1.56%"
"04/28/2021","120.61","119.67","120.61","118.96","29.94K","0.79%"
"04/27/2021","119.67","121.55","121.55","117.78","182.86K","-2.31%"
"04/23/2021","122.49","120.61","122.73","120.14","1.41M","-0.19%"
"04/22/2021","122.73","123.44","123.44","122.02","56.04K","-1.51%"
"04/21/2021","124.61","123.44","124.61","121.55","2.96M","0.57%"
"04/20/2021","123.91","124.38","124.85","123.67","489.79K","-0.38%"
"04/19/2021","124.38","125.79","125.79","124.38","38.10K","-0.75%"
"04/16/2021","125.32","124.61","125.79","124.38","840.08K","0.57%"
"04/15/2021","124.61","125.32","125.32","124.38","620.08K","-0.56%"
"04/12/2021","125.32","124.85","125.79","124.38","444.09K","0.38%"
"04/09/2021","124.85","124.85","126.03","123.44","430.30K","0.00%"
"04/08/2021","124.85","122.49","126.26","122.49","604.43K","1.53%"
"04/07/2021","122.96","118.72","124.38","117.78","1.37M","3.57%"
"04/06/2021","118.72","117.78","119.67","115.90","80.46K","1.82%"
"04/05/2021","116.60","118.72","118.72","115.90","379.02K","-2.17%"
"04/01/2021","119.20","118.96","119.43","117.55","185.21K","0.40%"
"03/31/2021","118.72","120.37","120.61","118.25","38.00K","-1.91%"
"03/30/2021","121.03","120.34","122.18","118.97","565.37K","1.35%"
"03/29/2021","119.43","121.03","121.03","118.28","316.92K","-1.14%"
"03/26/2021","120.80","119.43","121.26","118.74","27.44K","1.15%"
"03/25/2021","119.43","121.26","121.26","118.51","42.21K","0.00%"
"03/24/2021","119.43","116.67","119.43","116.67","72.96K","1.96%"
"03/23/2021","117.13","119.43","119.43","116.90","39.05K","-0.39%"
"03/22/2021","117.59","117.59","119.43","116.21","56.59K","0.00%"
"03/19/2021","117.59","116.44","118.51","115.29","181.89K","0.79%"
"03/18/2021","116.67","117.59","117.59","115.75","36.98K","-0.78%"
"03/17/2021","117.59","119.43","119.43","117.13","355.34K","-0.58%"
"03/16/2021","118.28","119.88","121.26","118.28","28.97K","-1.34%"
"03/15/2021","119.88","118.74","121.26","118.74","3.23K","0.38%"
"03/12/2021","119.43","117.59","121.03","117.59","151.28K","1.56%"
"03/10/2021","117.59","119.43","119.43","117.13","435.46K","-2.29%"
"03/09/2021","120.34","121.72","123.10","120.34","255.79K","-0.76%"
"03/08/2021","121.26","116.67","121.26","116.67","136.33K","3.94%"
"03/05/2021","116.67","119.20","119.43","115.75","529.86K","-1.93%"
"03/04/2021","118.97","117.59","119.43","114.83","92.88K","2.37%"
"03/03/2021","116.21","119.43","120.11","115.29","82.65K","-2.51%"
"03/02/2021","119.20","122.18","122.18","118.51","255.32K","-2.44%"
"03/01/2021","122.18","123.56","124.94","121.26","35.03K","-0.56%"
"02/25/2021","122.87","123.10","123.10","121.26","209.01K","2.30%"
"02/24/2021","120.11","121.26","123.10","119.43","92.83K","-1.14%"
"02/23/2021","121.49","124.94","124.94","119.66","125.86K","-2.58%"
"02/22/2021","124.71","128.61","128.61","124.02","55.25K","-1.45%"
"02/19/2021","126.54","124.94","127.46","124.94","179.57K","1.28%"
"02/18/2021","124.94","124.94","125.86","124.02","414.65K","-0.37%"
"02/17/2021","125.40","125.63","126.77","120.34","195.95K","-0.18%"
"02/16/2021","125.63","128.61","128.61","124.02","520.55K","-2.32%"
"02/15/2021","128.61","130.22","134.35","127.92","1.18M","0.36%"
"02/12/2021","128.15","126.77","128.61","125.86","169.01K","3.52%"
"02/11/2021","123.79","127.00","130.45","115.06","433.12K","-3.23%"
"02/10/2021","127.92","128.61","131.37","127.69","193.19K","-2.11%"
"02/09/2021","130.68","132.29","132.29","126.77","320.62K","-1.90%"
"02/08/2021","133.21","137.80","137.80","132.29","1.10M","-2.19%"
"02/05/2021","136.19","132.75","137.11","131.83","630.31K","2.59%"
"02/03/2021","132.75","127.69","135.04","125.86","699.18K","3.96%"
"02/02/2021","127.69","138.03","138.03","124.25","676.66K","-7.80%"
"02/01/2021","138.49","143.31","146.76","136.88","1.10M","-3.21%"
"01/29/2021","143.08","142.39","151.58","141.47","2.98M","4.88%"
"01/27/2021","136.42","143.31","143.31","135.27","723.55K","-3.57%"
"01/26/2021","141.47","140.32","145.61","140.32","2.35M","1.48%"
"01/25/2021","139.41","131.37","140.32","130.91","1.79M","7.44%"
"01/22/2021","129.76","128.61","130.91","127.69","1.59M","2.17%"
"01/21/2021","127.00","128.61","129.99","125.86","967.02K","-0.90%"
"01/20/2021","128.15","129.53","134.12","125.86","4.23M","0.36%"
"01/19/2021","127.69","124.02","129.99","123.33","4.44M","4.90%"
"01/18/2021","121.72","119.43","124.94","119.43","1.56M","3.31%"
"01/15/2021","117.82","116.67","119.43","115.52","720.58K","1.19%"
"01/13/2021","116.44","117.59","117.82","115.98","324.28K","-0.98%"
"01/12/2021","117.59","118.51","118.51","117.13","245.88K","-0.39%"
"01/11/2021","118.05","118.97","119.43","117.59","214.51K","-0.39%"
"01/08/2021","118.51","118.97","119.43","118.05","268.70K","-0.39%"
"01/07/2021","118.97","119.43","119.43","117.59","399.79K","0.00%"
"01/06/2021","118.97","119.24","119.24","117.59","206.80K","0.08%"
"01/05/2021","118.87","118.97","120.34","118.32","368.40K","0.46%"
"01/04/2021","118.32","116.21","118.97","116.21","898.75K","1.82%"
"12/31/2020","116.21","115.38","116.67","114.92","326.05K","0.72%"
"12/30/2020","115.38","116.67","116.67","114.83","107.91K","-0.40%"
"12/28/2020","115.84","115.29","116.58","114.65","82.26K","1.12%"
"12/24/2020","114.56","114.19","114.83","113.82","123.50K","0.48%"
"12/23/2020","114.01","113.91","114.83","113.82","104.40K","0.09%"
"12/22/2020","113.91","114.83","114.83","113.82","282.58K","-0.09%"
"12/21/2020","114.01","114.37","115.75","113.91","144.51K","-0.24%"
"12/18/2020","114.28","115.66","116.49","113.73","285.07K","0.48%"
"12/17/2020","113.73","114.92","115.02","113.45","127.36K","-1.67%"
"12/16/2020","115.66","116.30","117.59","115.02","275.09K","-0.55%"
"12/15/2020","116.30","119.24","119.24","114.83","202.96K","-2.09%"
"12/14/2020","118.78","118.78","119.43","118.41","317.82K","-0.39%"
"12/11/2020","119.24","120.34","120.44","118.51","281.06K","-1.14%"
"12/10/2020","120.62","124.02","124.02","120.44","113.11K","-1.79%"
"12/09/2020","122.82","122.18","124.29","119.06","884.31K","0.67%"
"12/08/2020","122.00","116.67","123.10","116.67","1.22M","5.65%"
"12/07/2020","115.48","111.89","116.67","111.43","767.33K","4.58%"
"12/04/2020","110.42","109.87","111.62","109.87","297.46K","0.33%"
"12/03/2020","110.06","110.70","110.70","109.50","637.89K","0.17%"
"12/02/2020","109.87","110.24","110.70","109.78","347.23K","0.50%"
"12/01/2020","109.32","107.48","110.24","107.48","236.67K","3.39%"
"11/30/2020","105.74","104.82","112.99","104.73","277.32K","0.52%"
"11/27/2020","105.19","105.28","105.65","104.54","580.23K","0.10%"
"11/26/2020","105.09","104.27","105.37","104.27","335.18K","0.79%"
"11/25/2020","104.27","104.54","104.64","103.90","212.02K","-0.09%"
"11/24/2020","104.36","104.73","104.73","104.27","48.00K","0.09%"
"11/23/2020","104.27","105.00","105.19","104.08","78.44K","-0.70%"
"11/20/2020","105.00","104.91","105.37","104.73","178.32K","0.09%"
"11/19/2020","104.91","105.09","105.37","104.82","65.33K","-0.17%"
"11/18/2020","105.09","105.65","105.65","104.82","348.61K","-0.10%"
"11/17/2020","105.19","105.65","105.74","104.73","211.05K","0.27%"
"11/16/2020","104.91","106.10","106.10","104.73","187.70K","-1.12%"
"11/13/2020","106.10","105.65","106.38","105.37","416.74K","0.87%"
"11/12/2020","105.19","106.56","107.48","104.73","508.81K","-1.71%"
"11/11/2020","107.02","106.75","108.40","106.75","436.04K","0.69%"
"11/10/2020","106.29","106.10","106.56","105.65","689.94K","1.14%"
"11/09/2020","105.09","105.74","105.74","104.64","574.46K","-0.61%"
"11/06/2020","105.74","105.65","107.39","105.55","498.02K","0.44%"
"11/05/2020","105.28","106.20","106.47","105.19","461.35K","0.18%"
"11/04/2020","105.09","105.65","105.65","104.73","128.65K","0.34%"
"11/03/2020","104.73","105.55","105.65","104.45","70.24K","1.25%"
"11/02/2020","103.44","103.72","104.27","103.26","154.67K","-1.32%"
"10/29/2020","104.82","103.72","105.19","103.72","604.47K","0.97%"
"10/28/2020","103.81","104.27","105.46","103.35","1.17M","-0.44%"
"10/27/2020","104.27","104.27","105.65","103.90","958.93K","0.36%"
"10/26/2020","103.90","104.73","105.65","101.05","139.82K","-2.41%"
"10/23/2020","106.47","109.23","109.23","106.10","387.07K","0.78%"
"10/22/2020","105.65","104.73","109.23","102.89","672.20K","-0.17%"
"10/21/2020","105.83","109.04","109.87","105.55","866.61K","-3.60%"
"10/20/2020","109.78","108.77","109.96","108.40","86.89K","1.19%"
"10/19/2020","108.49","109.32","109.32","108.22","227.26K","-0.09%"
"10/16/2020","108.59","108.40","109.78","107.94","206.24K","0.18%"
"10/15/2020","108.40","110.24","111.16","108.13","216.19K","0.08%"
"10/14/2020","108.31","108.40","109.32","105.65","283.92K","0.69%"
"10/13/2020","107.57","110.24","110.24","107.30","737.45K","-2.75%"
"10/12/2020","110.61","110.24","111.98","109.78","341.67K","0.09%"
"10/09/2020","110.51","109.78","112.08","109.32","385.12K","1.26%"
"10/08/2020","109.14","106.56","109.78","106.56","145.37K","1.63%"
"10/07/2020","107.39","106.66","109.60","106.56","1.00M","-0.08%"
"10/06/2020","107.48","104.73","111.16","103.72","957.81K","0.95%"
"10/05/2020","106.47","110.24","112.08","105.65","1.10M","-6.91%"
"10/02/2020","114.37","116.67","116.76","112.99","355.60K","-1.97%"
"09/30/2020","116.67","114.83","116.76","114.83","266.15K","-0.08%"
"09/29/2020","116.76","118.41","118.41","114.83","4.85M","-1.48%"
"09/28/2020","118.51","118.41","119.88","117.50","412.21K","0.86%"
"09/25/2020","117.50","117.59","117.59","116.30","337.08K","0.00%"
"09/24/2020","117.50","117.59","118.41","117.13","965.89K","0.09%"
"09/23/2020","117.40","118.97","118.97","115.75","229.03K","-0.55%"
"09/22/2020","118.05","120.80","120.80","117.59","782.79K","-1.53%"
"09/21/2020","119.88","121.26","121.72","116.39","336.84K","0.15%"
"09/18/2020","119.70","119.43","120.80","118.51","944.75K","2.52%"
"09/17/2020","116.76","112.63","119.43","112.63","918.99K","3.67%"
"09/16/2020","112.63","112.54","112.99","112.08","221.77K","0.08%"
"09/15/2020","112.54","112.99","113.27","111.80","348.55K","-0.16%"
"09/14/2020","112.72","110.51","112.90","110.51","329.77K","2.59%"
"09/11/2020","109.87","109.23","110.42","108.40","703.80K","1.36%"
"09/10/2020","108.40","108.40","109.32","108.31","139.10K","0.34%"
"09/09/2020","108.03","108.40","109.32","107.48","529.86K","0.60%"
"09/08/2020","107.39","107.02","107.48","106.56","96.75K","0.17%"
"09/07/2020","107.21","107.76","109.32","106.56","83.59K","-0.33%"
"09/04/2020","107.57","109.23","109.32","107.39","707.83K","-1.60%"
"09/03/2020","109.32","111.16","111.16","108.86","132.69K","-0.83%"
"09/02/2020","110.24","112.08","112.08","110.06","154.64K","-1.15%"
"08/31/2020","111.52","112.08","112.08","111.16","141.63K","-0.09%"
"08/28/2020","111.62","110.24","111.89","110.24","228.49K","0.41%"
"08/27/2020","111.16","111.62","111.71","105.65","561.96K","-0.32%"
"08/26/2020","111.52","112.08","112.08","111.34","359.11K","-0.50%"
"08/25/2020","112.08","112.99","113.09","111.34","217.74K","-0.89%"
"08/24/2020","113.09","112.08","114.83","111.62","327.10K","0.90%"
"08/21/2020","112.08","112.26","112.72","111.62","238.76K","0.00%"
"08/20/2020","112.08","112.26","112.72","111.52","279.02K","0.00%"
"08/19/2020","112.08","111.62","112.99","110.97","1.50M","0.41%"
"08/18/2020","111.62","111.16","112.08","111.16","366.43K","0.25%"
"08/17/2020","111.34","112.99","113.45","111.16","767.44K","-1.46%"
"08/14/2020","112.99","111.16","113.82","110.24","2.46M","2.49%"
"08/13/2020","110.24","108.40","111.62","108.40","1.04M","1.95%"
"08/12/2020","108.13","105.92","108.40","105.92","904.63K","2.26%"
"08/11/2020","105.74","104.73","106.01","104.73","334.79K","0.88%"
"08/10/2020","104.82","105.83","105.83","104.27","64.23K","-0.52%"
"08/07/2020","105.37","105.83","106.56","104.82","796.51K","1.24%"
"08/06/2020","104.08","104.27","104.73","103.62","508.02K","0.26%"
"08/05/2020","103.81","104.45","104.73","103.72","224.66K","-0.53%"
"08/04/2020","104.36","102.89","104.64","102.89","162.39K","1.52%"
"07/31/2020","102.80","101.79","102.89","101.79","276.17K","0.81%"
"07/30/2020","101.97","102.80","102.80","101.60","386.25K","0.09%"
"07/29/2020","101.88","102.89","102.89","101.60","448.28K","0.18%"
"07/28/2020","101.70","102.71","103.35","101.60","1.39M","-0.44%"
"07/27/2020","102.15","102.61","103.81","101.70","90.19K","0.27%"
"07/24/2020","101.88","101.51","101.97","101.51","303.94K","0.18%"
"07/23/2020","101.70","102.61","102.61","101.51","65.75K","-0.26%"
"07/22/2020","101.97","103.72","103.72","101.05","648.32K","-1.07%"
"07/21/2020","103.07","103.81","104.27","101.97","1.06M","-0.36%"
"07/20/2020","103.44","101.97","105.09","101.97","530.54K","2.37%"
"07/17/2020","101.05","98.30","101.05","98.30","904.37K","3.00%"
"07/16/2020","98.11","96.46","98.85","96.46","1.12M","2.20%"
"07/15/2020","96.00","96.92","100.59","94.62","974.39K","-0.95%"
"07/14/2020","96.92","94.62","99.67","94.62","463.86K","1.15%"
"07/13/2020","95.82","96.46","98.30","91.87","1.41M","-3.51%"
"07/10/2020","99.31","100.59","100.59","97.47","1.12M","-2.25%"
"07/09/2020","101.60","101.97","103.81","101.42","98.95K","0.45%"
"07/08/2020","101.14","101.97","102.43","100.68","219.55K","-0.99%"
"07/07/2020","102.15","102.89","103.53","102.06","199.63K","1.00%"
"07/06/2020","101.14","101.14","102.89","98.30","280.97K","-0.55%"
"07/03/2020","101.70","101.97","102.89","101.05","2.73M","-0.54%"
"07/02/2020","102.25","103.81","103.81","99.21","1.49M","-1.50%"
"07/01/2020","103.81","104.73","104.73","103.62","1.20M","-0.26%"
"06/30/2020","104.08","104.82","105.65","102.98","1.34M","-0.71%"
"06/29/2020","104.82","105.65","106.56","104.45","334.21K","-0.35%"
"06/26/2020","105.19","105.65","106.01","104.45","640.75K","-0.77%"
"06/25/2020","106.01","106.56","107.02","105.46","1.10M","0.08%"
"06/24/2020","105.92","105.65","106.56","104.36","1.55M","0.52%"
"06/23/2020","105.37","104.27","106.47","103.90","1.83M","2.04%"
"06/22/2020","103.26","100.13","104.45","100.13","1.59M","3.60%"
"06/19/2020","99.67","100.78","100.87","97.93","553.54K","0.83%"
"06/18/2020","98.85","96.46","100.96","96.46","974.37K","2.67%"
"06/17/2020","96.28","93.89","97.56","93.89","2.11M","4.28%"
"06/16/2020","92.33","91.87","93.61","91.68","1.46M","0.71%"
"06/15/2020","91.68","91.87","93.61","91.59","1.10M","-0.10%"
"06/12/2020","91.77","91.87","91.87","90.49","561.45K","-0.11%"
"06/11/2020","91.87","94.62","94.62","90.49","1.99M","1.42%"
"06/10/2020","90.58","91.87","95.54","90.49","1.58M","-1.20%"
"06/09/2020","91.68","90.03","92.78","90.03","2.03M","3.42%"
"06/08/2020","88.65","88.19","89.11","87.27","3.27M","1.58%"
"06/04/2020","87.27","88.47","88.47","87.09","110.14K","0.00%"
"06/03/2020","87.27","88.37","88.37","87.18","987.44K","0.00%"
"06/02/2020","87.27","89.02","89.02","86.35","397.46K","-1.14%"
"06/01/2020","88.28","90.95","90.95","88.10","279.06K","-3.49%"
"05/29/2020","91.47","93.45","93.45","91.20","3.45M","-2.02%"
"05/28/2020","93.36","94.35","94.35","93.09","1.17M","-0.10%"
"05/27/2020","93.45","95.43","96.15","93.00","784.51K","-0.86%"
"05/26/2020","94.26","98.75","98.75","93.18","839.13K","-2.15%"
"05/22/2020","96.33","106.93","107.83","95.88","6.35M","0.75%"
"05/21/2020","95.61","89.86","99.74","89.86","10.07M","9.81%"
"05/20/2020","87.07","89.86","89.86","86.26","1.28M","0.83%"
"05/19/2020","86.35","88.96","89.86","86.08","740.28K","0.31%"
"05/18/2020","86.08","85.36","87.16","85.27","560.80K","0.84%"
"05/15/2020","85.36","88.06","88.06","84.73","100.70K","1.07%"
"05/14/2020","84.46","89.68","89.68","84.02","146.60K","-0.85%"
"05/13/2020","85.18","82.67","86.26","82.67","818.09K","3.37%"
"05/12/2020","82.40","82.67","84.46","80.87","138.13K","-3.47%"
"05/11/2020","85.36","85.36","85.36","85.36","4.17K","-9.61%"
"03/20/2020","94.44","106.93","106.93","92.64","196.25K","-12.56%"
"03/13/2020","108.01","113.22","113.22","106.03","231.79K","-4.60%"
"03/12/2020","113.22","120.23","120.23","112.77","65.68K","-5.62%"
"03/11/2020","119.96","116.81","121.31","116.36","39.81K","3.49%"
"03/10/2020","115.91","119.51","119.51","113.22","173.96K","-5.08%"
"03/06/2020","122.11","126.70","126.70","121.31","116.92K","-3.76%"
"03/05/2020","126.88","130.20","130.20","126.70","99.90K","-2.62%"
"03/04/2020","130.29","133.17","133.89","130.20","37.51K","-2.69%"
"03/03/2020","133.89","133.80","138.38","132.99","17.50K","2.91%"
"03/02/2020","130.11","133.80","133.80","129.39","304.22K","-1.57%"
"02/28/2020","132.18","134.78","134.78","131.73","17.92K","-1.93%"
"02/27/2020","134.78","137.12","137.12","134.51","164.39K","-1.06%"
"02/26/2020","136.22","139.10","139.10","134.78","55.59K","-2.20%"
"02/25/2020","139.28","141.07","141.07","139.19","5.15K","-0.51%"
"02/24/2020","140.00","140.27","143.77","139.28","108.21K","-0.13%"
"02/20/2020","140.18","140.98","141.07","139.28","159.24K","-0.63%"
"02/19/2020","141.07","141.16","141.52","140.62","269.63K","0.26%"
"02/18/2020","140.71","143.77","143.77","140.27","66.43K","-0.26%"
"02/17/2020","141.07","140.98","143.77","140.18","147.99K","0.32%"
"02/14/2020","140.62","142.87","142.87","140.18","86.82K","-0.32%"
"02/13/2020","141.07","143.77","143.77","141.07","43.67K","-1.88%"
"02/12/2020","143.77","143.32","143.77","143.32","0.77K","0.63%"
"02/11/2020","142.87","142.96","143.77","142.51","359.22K","-0.63%"
"02/10/2020","143.77","143.77","147.54","142.87","99.47K","0.63%"
"02/07/2020","142.87","148.08","148.08","142.87","186.31K","0.00%"
"02/06/2020","142.87","147.36","148.17","142.87","86.35K","-1.00%"
"02/05/2020","144.31","148.26","148.26","143.77","46.31K","-0.25%"
"02/03/2020","144.67","144.49","144.67","143.86","69.70K","-0.06%"
"01/31/2020","144.76","149.16","149.16","144.67","149.67K","-0.12%"
"01/30/2020","144.94","144.67","147.45","144.67","346.01K","0.81%"
"01/29/2020","143.77","144.67","145.57","142.87","280.19K","0.00%"
"01/28/2020","143.77","141.97","144.67","141.97","60.79K","0.00%"
"01/27/2020","143.77","147.36","147.36","142.87","87.36K","-1.24%"
"01/24/2020","145.57","146.47","146.47","145.48","149.68K","-0.06%"
"01/23/2020","145.66","146.47","147.36","145.57","420.69K","0.12%"
"01/22/2020","145.48","144.22","147.36","143.77","411.69K","1.25%"
"01/21/2020","143.68","141.52","143.77","141.25","183.69K","1.79%"
"01/20/2020","141.16","141.25","143.77","141.16","115.86K","-1.26%"
"01/17/2020","142.96","143.77","143.77","141.97","3.36K","-0.56%"
"01/16/2020","143.77","144.67","145.57","141.07","6.23K","-0.62%"
"01/14/2020","144.67","145.57","145.57","143.77","4.23K","0.94%"
"01/13/2020","143.32","148.26","148.26","143.32","42.44K","-0.31%"
"01/09/2020","143.77","144.22","148.08","143.68","146.43K","-0.19%"
"01/08/2020","144.04","151.05","151.05","143.77","32.65K","-5.15%"
"01/07/2020","151.86","152.76","152.76","150.96","2.24K","-0.59%"
"01/06/2020","152.76","155.90","155.90","151.95","19.94K","-1.84%"
"01/03/2020","155.63","156.35","156.35","154.01","3.58K","0.52%"
"01/02/2020","154.82","156.26","156.26","154.73","0.74K","0.06%"
"12/31/2019","154.73","156.80","157.25","154.19","23.10K","-1.43%"
"12/30/2019","156.98","157.25","157.70","155.45","0.58K","-0.17%"
"12/27/2019","157.25","157.25","157.25","155.63","0.36K","1.16%"
"12/26/2019","155.45","159.05","159.05","155.45","2.80K","0.00%"
"12/24/2019","155.45","155.36","161.56","155.36","5.38K","0.58%"
"12/23/2019","154.55","155.45","155.90","154.55","1.61K","-0.87%"
"12/20/2019","155.90","155.45","156.26","155.45","2.03K","-0.23%"
"12/19/2019","156.26","155.54","156.26","154.55","77.47K","0.35%"
"12/18/2019","155.72","156.26","156.26","155.45","1.16K","0.17%"
"12/17/2019","155.45","156.35","156.35","154.64","0.61K","-0.46%"
"12/16/2019","156.17","155.72","156.35","155.54","35.70K","-0.12%"
"12/13/2019","156.35","155.90","156.35","155.90","0.35K","0.00%"
"12/12/2019","156.35","157.25","157.25","154.55","18.32K","0.00%"
"12/10/2019","156.35","158.15","159.05","155.90","97.58K","-1.14%"
"12/09/2019","158.15","158.60","158.60","157.43","0.52K","0.51%"
"12/06/2019","157.34","158.51","159.05","157.25","52.92K","-0.17%"
"12/05/2019","157.61","159.94","159.94","157.25","66.49K","-0.91%"
"12/04/2019","159.05","159.85","161.65","158.15","47.25K","0.00%"
"12/03/2019","159.05","159.94","161.74","159.05","141.52K","-0.61%"
"12/02/2019","160.03","161.38","161.38","159.94","68.82K","-0.28%"
"11/29/2019","160.48","159.94","162.64","159.94","227.24K","0.06%"
"11/28/2019","160.39","160.84","164.89","159.94","229.53K","0.62%"
"11/27/2019","159.40","161.74","161.74","159.23","276.23K","-0.17%"
"11/26/2019","159.67","159.49","161.65","159.49","55.88K","0.06%"
"11/25/2019","159.58","162.46","162.46","159.49","27.54K","-1.39%"
"11/22/2019","161.83","164.44","164.44","157.52","48.95K","-0.55%"
"11/21/2019","162.73","163.63","163.63","161.74","109.54K","-0.71%"
"11/20/2019","163.90","164.35","164.44","162.64","5.96K","-0.27%"
"11/19/2019","164.35","163.54","167.13","163.54","79.14K","0.33%"
"11/18/2019","163.81","167.13","168.03","163.54","69.07K","-0.05%"
"11/15/2019","163.90","163.54","166.14","163.54","36.73K","0.22%"
"11/14/2019","163.54","164.44","165.34","162.91","414.79K","-0.06%"
"11/13/2019","163.63","165.43","165.51","163.54","42.39K","0.00%"
"11/08/2019","163.63","164.44","165.34","163.54","151.37K","-0.66%"
"11/07/2019","164.71","166.23","166.23","164.44","118.62K","-1.13%"
"11/06/2019","166.59","166.23","168.93","165.34","371.77K","0.22%"
"11/05/2019","166.23","162.91","168.93","162.91","121.32K","1.59%"
"11/04/2019","163.63","164.35","165.34","162.82","28.22K","0.06%"
"11/01/2019","163.54","165.34","165.34","162.73","49.45K","-0.44%"
"10/31/2019","164.26","159.49","164.98","158.96","319.10K","2.87%"
"10/30/2019","159.67","159.94","160.84","159.05","9.67K","-0.11%"
"10/29/2019","159.85","158.96","159.94","158.96","8.77K","1.02%"
"10/28/2019","158.24","158.24","159.40","158.06","12.91K","0.00%"
"10/25/2019","158.24","158.96","158.96","157.79","40.33K","0.00%"
"10/24/2019","158.24","158.06","160.84","157.25","594.76K","0.63%"
"10/23/2019","157.25","158.06","158.15","156.80","232.07K","0.00%"
"10/22/2019","157.25","155.90","158.51","155.90","146.94K","0.87%"
"10/21/2019","155.90","156.35","156.35","154.55","471.82K","-0.23%"
"10/18/2019","156.26","153.65","156.35","153.65","1.26K","1.70%"
"10/17/2019","153.65","154.10","156.35","153.65","3.35K","0.00%"
"10/16/2019","153.65","157.16","157.16","153.65","344.81K","-0.64%"
"10/15/2019","154.64","157.25","157.34","152.76","170.80K","-1.66%"
"10/14/2019","157.25","152.58","159.05","152.58","287.42K","4.17%"
"10/11/2019","150.96","152.58","152.58","148.26","13.57K","0.96%"
"10/10/2019","149.52","151.86","152.76","148.35","102.15K","-0.84%"
"10/09/2019","150.78","142.87","152.67","142.87","143.16K","5.60%"
"10/08/2019","142.78","142.87","142.87","141.97","13.90K","0.06%"
"10/07/2019","142.69","142.87","143.77","140.36","11.74K","1.66%"
"10/04/2019","140.36","139.28","140.98","137.66","4.95K","1.96%"
"10/03/2019","137.66","137.48","139.28","137.48","0.90K","0.07%"
"10/02/2019","137.57","140.53","140.62","137.48","6.07K","-0.52%"
"10/01/2019","138.29","137.75","142.87","137.48","34.04K","0.00%"
"09/30/2019","138.29","142.78","142.78","137.75","112.69K","-1.78%"
"09/27/2019","140.80","140.62","143.68","139.28","31.98K","1.75%"
"09/26/2019","138.38","139.10","139.10","138.02","2.62K","0.00%"
"09/25/2019","138.38","139.28","139.28","137.93","10.89K","0.00%"
"09/24/2019","138.38","139.28","139.28","138.20","19.36K","-0.65%"
"09/23/2019","139.28","140.98","140.98","138.38","19.05K","0.39%"
"09/20/2019","138.74","139.28","139.37","138.38","118.30K","-0.32%"
"09/19/2019","139.19","141.97","141.97","138.38","363.62K","1.24%"
"09/18/2019","137.48","138.38","139.19","137.03","83.95K","-0.78%"
"09/17/2019","138.56","138.38","139.19","138.38","42.13K","0.13%"
"09/16/2019","138.38","141.07","148.26","137.75","182.35K","0.65%"
"09/12/2019","137.48","139.28","139.28","137.48","82.74K","0.00%"
"09/11/2019","137.48","141.07","141.07","137.12","69.32K","-2.61%"
"09/10/2019","141.16","143.41","143.77","141.07","50.37K","-1.57%"
"09/09/2019","143.41","147.81","147.81","142.87","18.27K","-0.25%"
"09/06/2019","143.77","147.27","147.27","142.87","58.26K","-2.02%"
"09/05/2019","146.74","148.26","148.26","146.11","8.62K","-0.97%"
"09/04/2019","148.17","148.71","149.52","147.81","32.94K","-0.84%"
"09/03/2019","149.43","149.16","150.06","147.36","3.97K","0.67%"
"09/02/2019","148.44","150.96","150.96","148.26","11.56K","-1.67%"
"08/30/2019","150.96","152.58","152.58","150.96","77.73K","-1.00%"
"08/29/2019","152.49","152.76","152.76","151.14","133.31K","-0.06%"
"08/28/2019","152.58","153.11","153.11","152.49","177.08K","-0.12%"
"08/27/2019","152.76","152.76","153.65","152.67","59.87K","0.47%"
"08/26/2019","152.04","154.37","155.36","151.86","48.37K","-0.47%"
"08/23/2019","152.76","156.35","156.35","152.76","42.88K","0.00%"
"08/22/2019","152.76","157.25","157.25","152.58","224.84K","-1.73%"
"08/21/2019","155.45","160.84","160.84","155.36","81.07K","-0.12%"
"08/20/2019","155.63","157.07","161.65","155.45","344.69K","0.12%"
"08/19/2019","155.45","157.52","157.52","155.36","239.17K","-1.26%"
"08/16/2019","157.43","157.43","161.47","157.43","0.16K","0.11%"
"08/15/2019","157.25","157.25","157.25","156.35","302.78K","-0.11%"
"08/13/2019","157.43","163.09","166.14","157.25","854.68K","-0.34%"
"08/09/2019","157.97","157.34","163.54","156.35","317.44K","0.46%"
"08/08/2019","157.25","159.94","159.94","157.25","76.77K","0.00%"
"08/07/2019","157.25","154.55","159.94","154.55","159.84K","1.33%"
"08/06/2019","155.18","160.75","160.75","153.65","49.28K","-3.36%"
"08/05/2019","160.57","161.74","161.74","160.57","1.31K","0.11%"
"08/02/2019","160.39","159.49","161.74","153.65","187.07K","-0.28%"
"08/01/2019","160.84","164.17","165.16","159.94","171.83K","-2.72%"
"07/31/2019","165.34","168.48","169.83","164.44","606.32K","-1.86%"
"07/30/2019","168.48","168.03","178.81","163.54","374.85K","2.01%"
"07/29/2019","165.16","152.76","168.03","152.76","236.25K","8.18%"
"07/26/2019","152.67","142.15","156.35","141.97","275.30K","7.54%"
"07/25/2019","141.97","136.13","142.87","136.13","209.59K","5.19%"
"07/24/2019","134.96","130.74","135.68","130.29","685.18K","3.66%"
"07/23/2019","130.20","128.76","131.19","128.67","101.06K","1.69%"
"07/22/2019","128.04","130.74","130.74","127.60","49.69K","-1.66%"
"07/19/2019","130.20","129.39","130.38","129.39","166.24K","0.98%"
"07/18/2019","128.94","127.69","128.94","127.69","190.27K","3.01%"
"07/17/2019","125.17","123.55","127.60","123.10","372.90K","1.53%"
"07/15/2019","123.28","123.10","123.55","123.10","13.53K","0.96%"
"07/12/2019","122.11","119.51","124.99","119.51","36.42K","2.18%"
"07/11/2019","119.51","120.41","120.41","119.51","32.07K","-0.38%"
"07/10/2019","119.96","120.32","120.32","119.87","90.46K","-0.15%"
"07/09/2019","120.14","120.23","120.41","119.96","87.14K","-0.22%"
"07/08/2019","120.41","120.77","120.77","119.96","8.82K","0.00%"
"07/05/2019","120.41","121.31","121.31","120.32","364.19K","-0.52%"
"07/04/2019","121.04","120.41","121.40","120.32","512.48K","0.82%"
"07/03/2019","120.05","120.41","120.41","119.51","116.23K","-0.30%"
"07/02/2019","120.41","120.86","120.86","120.32","15.79K","0.00%"
"07/01/2019","120.41","120.86","120.86","120.41","54.50K","-0.37%"
"06/28/2019","120.86","120.86","120.86","120.41","0.67K","0.37%"
"06/27/2019","120.41","121.31","121.31","120.41","35.38K","-0.45%"
"06/26/2019","120.95","121.31","121.31","120.95","118.52K","-0.22%"
"06/25/2019","121.22","121.31","121.31","121.04","52.47K","0.07%"
"06/24/2019","121.13","121.31","121.31","121.04","17.54K","-0.15%"
"06/21/2019","121.31","121.31","121.49","120.41","1.48K","0.00%"
"06/20/2019","121.31","122.92","122.92","120.59","57.72K","-1.45%"
"06/19/2019","123.10","123.10","124.00","123.10","112.70K","-0.36%"
"06/18/2019","123.55","123.55","124.00","123.55","35.08K","-0.29%"
"06/17/2019","123.91","124.09","125.71","123.55","19.02K","0.44%"
"06/14/2019","123.37","124.45","125.35","122.56","178.97K","-0.51%"
"06/13/2019","124.00","124.90","124.90","122.20","19.48K","1.70%"
"06/12/2019","121.93","124.18","124.90","121.76","9.98K","0.14%"
"06/11/2019","121.76","121.31","122.20","121.31","380.54K","0.37%"
"06/10/2019","121.31","125.80","125.80","118.61","141.31K","0.00%"
"06/07/2019","121.31","121.22","121.31","117.26","18.13K","0.00%"
"06/06/2019","121.31","122.20","122.20","121.22","15.10K","-0.73%"
"06/04/2019","122.20","124.90","124.90","122.20","20.92K","-2.16%"
"06/03/2019","124.90","125.80","125.80","124.90","45.45K","0.14%"
"05/31/2019","124.72","124.90","130.20","124.72","2.66K","-0.14%"
"05/30/2019","124.90","125.89","129.30","124.90","8.00K","0.00%"
"05/29/2019","124.90","126.70","126.70","124.90","5.40K","-0.14%"
"05/28/2019","125.08","125.35","125.80","124.90","2.37K","-0.50%"
"05/27/2019","125.71","125.80","126.70","125.71","2.65K","-0.07%"
"05/24/2019","125.80","126.79","127.60","125.35","13.58K","-1.41%"
"05/23/2019","127.60","131.19","131.19","127.42","2.62K","-0.07%"
"05/22/2019","127.69","131.19","131.19","127.60","0.67K","0.14%"
"05/21/2019","127.51","130.29","130.29","126.70","123.86K","0.21%"
"05/17/2019","127.24","131.19","131.19","125.80","30.52K","-2.34%"
"05/16/2019","130.29","133.89","133.89","128.94","1.02K","0.00%"
"05/15/2019","130.29","132.54","132.99","127.69","19.29K","-3.07%"
"05/14/2019","134.42","138.92","138.92","132.99","20.13K","-4.71%"
"05/13/2019","141.07","143.77","143.77","138.74","2.80K","-1.94%"
"05/10/2019","143.86","148.26","148.26","143.77","2.76K","0.00%"
"05/09/2019","143.86","146.02","148.26","143.77","3.68K","-2.38%"
"05/08/2019","147.36","146.47","147.36","144.67","8.27K","-1.09%"
"05/07/2019","148.98","151.86","151.86","148.26","14.48K","-2.47%"
"05/06/2019","152.76","153.65","153.65","152.67","1.20K","0.00%"
"05/03/2019","152.76","153.65","154.55","152.76","1.94K","-0.23%"
"05/02/2019","153.11","153.65","153.65","152.76","39.33K","0.23%"
"04/30/2019","152.76","156.80","156.80","152.76","60.77K","-2.80%"
"04/29/2019","157.16","155.45","157.16","155.45","11.50K","0.11%"
"04/26/2019","156.98","155.45","157.25","154.55","10.81K","0.98%"
"04/25/2019","155.45","157.25","157.25","155.09","7.17K","-1.14%"
"04/24/2019","157.25","157.25","157.25","156.80","3.03K","0.00%"
"04/23/2019","157.25","159.49","159.49","156.80","1.05K","-1.40%"
"04/18/2019","159.49","159.94","159.94","159.49","122.78K","-0.84%"
"04/17/2019","160.84","160.84","160.84","160.84","0.11K","-1.16%"
"04/16/2019","162.73","158.33","165.34","158.15","1.75K","2.31%"
"04/12/2019","159.05","161.74","161.74","159.05","0.95K","-0.06%"
"04/11/2019","159.14","159.05","161.74","159.05","353.72K","0.06%"
"04/10/2019","159.05","159.94","161.74","158.33","0.04K","0.00%"
"04/09/2019","159.05","158.60","161.74","158.60","0.01K","0.00%"
"04/08/2019","159.05","161.65","161.65","158.42","0.60K","-0.56%"
"04/05/2019","159.94","161.74","162.19","159.94","565.39K","-1.17%"
"04/04/2019","161.83","161.74","162.55","159.94","9.73K","1.75%"
"04/03/2019","159.05","158.24","161.74","158.15","2.87K","-3.86%"
"04/02/2019","165.43","158.15","166.05","158.15","2.31K","5.38%"
"04/01/2019","156.98","157.25","166.23","156.35","1.93K","1.32%"
"03/29/2019","154.94","154.94","157.60","154.94","8.28K","-1.69%"
"03/28/2019","157.60","154.94","157.60","154.94","8.75K","2.24%"
"03/27/2019","154.14","153.97","154.85","153.88","0.23K","-0.46%"
"03/26/2019","154.85","153.70","154.94","153.61","3.88K","0.63%"
"03/25/2019","153.88","154.94","154.94","153.61","2.11K","-0.46%"
"03/22/2019","154.59","154.94","154.94","154.50","3.97K","-0.74%"
"03/21/2019","155.74","155.65","157.60","154.23","3.88M","0.23%"
"03/19/2019","155.38","154.94","159.28","154.50","4.12K","0.28%"
"03/18/2019","154.94","154.94","159.37","154.59","74.10K","0.12%"
"03/15/2019","154.76","154.94","154.94","154.05","14.15K","-0.12%"
"03/14/2019","154.94","154.94","154.94","154.14","27.49K","0.00%"
"03/13/2019","154.94","157.77","159.37","154.05","23.20K","-2.72%"
"03/12/2019","159.28","159.63","159.63","156.80","1.60K","-0.06%"
"03/11/2019","159.37","167.78","167.78","157.60","25.20K","-4.00%"
"03/08/2019","166.01","167.69","167.69","165.56","1.07K","-1.05%"
"03/07/2019","167.78","168.22","168.22","166.45","61.10K","-0.26%"
"03/06/2019","168.22","169.02","169.02","168.22","18.51K","0.00%"
"03/05/2019","168.22","171.32","171.32","164.68","16.27K","0.00%"
"03/01/2019","168.22","171.76","171.76","168.22","7.05K","-2.06%"
"02/28/2019","171.76","172.65","172.65","170.96","2.05K","-0.52%"
"02/27/2019","172.65","175.21","175.21","172.65","9.26K","-1.07%"
"02/26/2019","174.51","175.30","175.30","174.42","6.74K","-0.45%"
"02/25/2019","175.30","176.19","176.19","175.21","2.39K","-0.51%"
"02/22/2019","176.19","176.19","177.07","175.57","63.06K","-0.50%"
"02/21/2019","177.07","178.14","178.22","176.99","36.64K","-0.99%"
"02/20/2019","178.84","178.93","179.29","178.84","1.94K","-0.15%"
"02/18/2019","179.11","181.50","181.50","178.93","0.86K","-0.39%"
"02/15/2019","179.82","181.32","181.32","179.73","1.79K","-0.44%"
"02/14/2019","180.62","181.41","181.41","180.62","10.05K","0.00%"
"02/13/2019","180.62","180.62","180.70","180.62","0.01K","0.00%"
"02/12/2019","180.62","181.50","181.50","180.62","449.43K","-0.24%"
"02/11/2019","181.06","181.50","181.50","181.06","1.70M","0.00%"
"02/08/2019","181.06","181.06","181.06","179.82","1.83K","0.69%"
"02/07/2019","179.82","179.73","181.06","179.73","0.14K","0.05%"
"02/06/2019","179.73","180.62","180.62","179.29","149.29K","-0.73%"
"02/05/2019","181.06","181.41","181.50","180.62","6.23K","0.10%"
"02/01/2019","180.88","181.50","181.50","180.62","2.91K","-0.34%"
"01/31/2019","181.50","182.39","182.39","181.50","2.00K","-0.15%"
"01/30/2019","181.77","181.41","182.39","180.62","18.44K","0.20%"
"01/29/2019","181.41","181.50","181.50","179.82","8.76K","2.30%"
"01/28/2019","177.34","181.50","181.50","177.16","10.72K","-2.39%"
"01/25/2019","181.68","182.39","182.39","181.50","2.09K","-0.24%"
"01/24/2019","182.12","182.39","182.39","181.85","3.05K","-0.15%"
"01/23/2019","182.39","182.39","183.27","182.39","0.61K","0.05%"
"01/22/2019","182.30","182.03","185.04","181.94","175.22K","0.00%"
"01/21/2019","182.30","185.04","185.04","181.94","2.59K","0.25%"
"01/18/2019","181.85","184.16","185.93","181.50","1.57K","0.19%"
"01/17/2019","181.50","181.50","181.50","181.50","0.33K","0.00%"
"01/16/2019","181.50","182.39","182.39","181.50","3.57K","0.00%"
"01/14/2019","181.50","184.16","185.93","179.73","2.51K","0.00%"
"01/11/2019","181.50","180.17","184.16","180.17","54.46K","0.49%"
"01/10/2019","180.62","179.82","180.70","179.73","38.50K","0.30%"
"01/09/2019","180.08","180.08","180.62","179.73","325.24K","-0.30%"
"01/08/2019","180.62","181.50","181.50","180.08","345.76K","-0.48%"
"01/07/2019","181.50","185.93","185.93","181.50","45.23K","-1.44%"
"01/04/2019","184.16","181.68","185.04","181.50","6.98K","1.47%"
"01/03/2019","181.50","183.27","185.04","181.50","529.41K","-1.68%"
"01/02/2019","184.60","188.58","190.27","184.16","26.83K","-2.57%"